latitude,link_id,dist_level3,longitude,full_addr,date,region_id
37.409824,1640014400,연수2동,126.68496,인천광역시 연수구 연수2동,2021-10-26,2304054
37.420063,1640025800,연수3동,126.69597,인천광역시 연수구 연수3동,2021-10-26,2304055
37.403645,1650028700,논현고잔동,126.689156,인천광역시 남동구 논현고잔동,2021-10-26,2305074
37.409744,1650080300,논현1동,126.73455,인천광역시 남동구 논현1동,2021-10-26,1123052
37.42031,1640025800,연수3동,126.69619,인천광역시 연수구 연수3동,2021-10-26,2304055
37.525562,1140000103,신월3동,126.834305,서울특별시 양천구 신월3동,2021-10-26,1115059
37.433453,1650004600,남촌도림동,126.72899,인천광역시 남동구 남촌도림동,2021-10-26,2305067
37.478912,2420073700,대산동,126.77499,경기도 부천시 대산동,2021-10-26,3105092
37.521156,1680519701,청라2동,126.64909,인천광역시 서구 청라2동,2021-10-26,2308078
37.55439,1680071504,검암경서동,126.65482,인천광역시 서구 검암경서동,2021-10-26,2308051
37.416454,1640020604,연수2동,126.68051,인천광역시 연수구 연수2동,2021-10-26,2304054
37.42204,1650044200,남촌도림동,126.71906,인천광역시 남동구 남촌도림동,2021-10-26,2305067
37.402554,1640243400,동춘1동,126.65639,인천광역시 연수구 동춘1동,2021-10-25,2304057
37.41404,1640283500,동춘1동,126.6592,인천광역시 연수구 동춘1동,2021-10-25,2304057
37.423893,1640324601,연수1동,126.68711,인천광역시 연수구 연수1동,2021-10-25,2304053
37.42179,1640036600,연수3동,126.693535,인천광역시 연수구 연수3동,2021-10-25,2304055
37.424316,1640044701,연수1동,126.682076,인천광역시 연수구 연수1동,2021-10-25,2304053
37.518166,2420057400,오정동,126.76582,경기도 부천시 오정동,2021-10-25,2505051
37.400265,1650027400,논현고잔동,126.694305,인천광역시 남동구 논현고잔동,2021-10-25,2305074
37.4867,1660001801,부평2동,126.72134,인천광역시 부평구 부평2동,2021-10-25,2306052
37.464436,1650069400,간석2동,126.708916,인천광역시 남동구 간석2동,2021-10-25,2305056
37.454617,1650277300,간석1동,126.70043,인천광역시 남동구 간석1동,2021-10-24,2305055
37.417984,1640024700,옥련1동,126.649956,인천광역시 연수구 옥련1동,2021-10-24,2304051
37.40502,1650030402,논현2동,126.70371,인천광역시 남동구 논현2동,2021-10-24,1123053
37.417366,1640023500,연수2동,126.69486,인천광역시 연수구 연수2동,2021-10-24,2304054
37.405605,1650089500,논현1동,126.73524,인천광역시 남동구 논현1동,2021-10-24,1123052
37.393753,1650085800,논현고잔동,126.7329,인천광역시 남동구 논현고잔동,2021-10-24,2305074
37.39459,1640135400,송도2동,126.64861,인천광역시 연수구 송도2동,2021-10-24,2304066
37.40554,1640243400,동춘1동,126.65832,인천광역시 연수구 동춘1동,2021-10-24,2304057
37.42585,1640048100,청학동,126.66954,인천광역시 연수구 청학동,2021-10-24,2304056
37.470905,1660000201,십정2동,126.69494,인천광역시 부평구 십정2동,2021-10-24,2306071
37.45536,1650063200,만수5동,126.72807,인천광역시 남동구 만수5동,2021-10-24,2305063
37.534927,1680005912,가정1동,126.67634,인천광역시 서구 가정1동,2021-10-24,2308054
37.542057,1680017400,연희동,126.676865,인천광역시 서구 연희동,2021-10-24,1113076
37.48614,2420022904,대산동,126.75355,경기도 부천시 대산동,2021-10-24,3105092
37.436157,1630000100,학익1동,126.67537,인천광역시 미추홀구 학익1동,2021-10-24,2309060
37.539627,1680136100,연희동,126.66974,인천광역시 서구 연희동,2021-10-24,1113076
37.584442,1680215800,오류왕길동,126.57819,인천광역시 서구 오류왕길동,2021-10-24,2308084
37.60992,2320554901,대곶면,126.556206,경기도 김포시 대곶면,2021-10-24,3123034
37.621998,2320030501,대곶면,126.55391,경기도 김포시 대곶면,2021-10-24,3123034
37.40168,1650072701,논현2동,126.70927,인천광역시 남동구 논현2동,2021-10-24,1123053
37.40265,1650091001,논현1동,126.72397,인천광역시 남동구 논현1동,2021-10-24,1123052
37.634468,2320009100,대곶면,126.54359,경기도 김포시 대곶면,2021-10-23,3123034
37.601288,2320554701,대곶면,126.561386,경기도 김포시 대곶면,2021-10-23,3123034
37.549137,1680007001,연희동,126.67709,인천광역시 서구 연희동,2021-10-23,1113076
37.541874,1680006013,연희동,126.67684,인천광역시 서구 연희동,2021-10-23,1113076
37.537548,1680006023,가정2동,126.67657,인천광역시 서구 가정2동,2021-10-23,2308055
37.422302,1640038000,청학동,126.66842,인천광역시 연수구 청학동,2021-10-23,2304056
37.548878,1680496700,연희동,126.70431,인천광역시 서구 연희동,2021-10-23,1113076
37.502407,2420042600,신중동,126.76057,경기도 부천시 신중동,2021-10-23,3105090
37.501392,2420059900,신중동,126.76847,경기도 부천시 신중동,2021-10-23,3105090
37.498146,1660023500,부평5동,126.73069,인천광역시 부평구 부평5동,2021-10-23,2306055
37.469822,1660000201,십정2동,126.69679,인천광역시 부평구 십정2동,2021-10-22,2306071
37.38929,1640116000,송도2동,126.64303,인천광역시 연수구 송도2동,2021-10-22,2304066
37.394066,1650025700,논현고잔동,126.69866,인천광역시 남동구 논현고잔동,2021-10-22,2305074
37.406986,1640013600,동춘2동,126.670135,인천광역시 연수구 동춘2동,2021-10-22,2304058
37.589092,1680057301,오류왕길동,126.65877,인천광역시 서구 오류왕길동,2021-10-22,2308084
37.589138,1680057301,오류왕길동,126.65861,인천광역시 서구 오류왕길동,2021-10-22,2308084
37.613853,1680061702,검단동,126.640884,인천광역시 서구 검단동,2021-10-22,2205070
37.66977,2320015327,양촌읍,126.61923,경기도 김포시 양촌읍,2021-10-22,3123013
37.676937,2320015327,양촌읍,126.61278,경기도 김포시 양촌읍,2021-10-22,3123013
37.78104,1690066900,교동면,126.27592,인천광역시 강화군 교동면,2021-10-22,2331040
37.422863,1640036902,연수1동,126.676414,인천광역시 연수구 연수1동,2021-10-22,2304053
37.511044,1680143100,신현원창동,126.62733,인천광역시 서구 신현원창동,2021-10-22,2308073
37.39712,1640084300,송도2동,126.63252,인천광역시 연수구 송도2동,2021-10-22,2304066
37.384056,1640147300,송도1동,126.65844,인천광역시 연수구 송도1동,2021-10-21,2304064
37.392735,1650025500,논현고잔동,126.68292,인천광역시 남동구 논현고잔동,2021-10-21,2305074
37.45624,1630031100,주안4동,126.68948,인천광역시 미추홀구 주안4동,2021-10-21,2309068
37.420643,1640034000,선학동,126.696724,인천광역시 연수구 선학동,2021-10-21,2304052
37.413578,1640019100,연수2동,126.68923,인천광역시 연수구 연수2동,2021-10-21,2304054
37.5253,1220342700,신사동,127.01461,서울특별시 강남구 신사동,2021-10-21,1121068
37.48047,1620009700,송림4동,126.66351,인천광역시 동구 송림4동,2021-10-21,2302061
37.46997,1620006300,송림3·5동,126.648865,인천광역시 동구 송림3·5동,2021-10-21,2302060
37.479023,1610036500,동인천동,126.62774,인천광역시 중구 동인천동,2021-10-21,2301058
37.400646,1640243300,동춘1동,126.65609,인천광역시 연수구 동춘1동,2021-10-21,2304057
37.413635,1640019200,연수2동,126.68918,인천광역시 연수구 연수2동,2021-10-21,2304054
37.417053,1640019200,연수3동,126.69277,인천광역시 연수구 연수3동,2021-10-21,2304055
37.42017,1640025800,연수3동,126.69605,인천광역시 연수구 연수3동,2021-10-21,2304055
37.374,1640298500,송도3동,126.65346,인천광역시 연수구 송도3동,2021-10-20,2304065
37.424957,1640047200,연수1동,126.6714,인천광역시 연수구 연수1동,2021-10-20,2304053
37.460762,1650066800,간석2동,126.7125,인천광역시 남동구 간석2동,2021-10-20,2305056
37.40286,1640243400,동춘1동,126.656555,인천광역시 연수구 동춘1동,2021-10-20,2304057
37.41984,1640027100,연수3동,126.6834,인천광역시 연수구 연수3동,2021-10-20,2304055
37.422924,1640040400,연수3동,126.691444,인천광역시 연수구 연수3동,2021-10-20,2304055
37.417107,1640021800,연수3동,126.689125,인천광역시 연수구 연수3동,2021-10-20,2304055
37.43866,1630013002,문학동,126.68312,인천광역시 미추홀구 문학동,2021-10-20,2309074
37.438972,1630013800,관교동,126.69778,인천광역시 미추홀구 관교동,2021-10-20,2309073
37.433716,1640320400,선학동,126.704926,인천광역시 연수구 선학동,2021-10-20,2304052
37.444958,1650052000,만수6동,126.743965,인천광역시 남동구 만수6동,2021-10-20,2305064
37.497368,2420002800,상동,126.74355,경기도 부천시 상동,2021-10-20,2206064
37.42318,1640037800,청학동,126.66544,인천광역시 연수구 청학동,2021-10-20,2304056
37.429882,1640053000,옥련2동,126.64951,인천광역시 연수구 옥련2동,2021-10-20,2304060
37.45959,1630037500,주안6동,126.68754,인천광역시 미추홀구 주안6동,2021-10-19,2309070
37.459705,1630037500,주안6동,126.687515,인천광역시 미추홀구 주안6동,2021-10-19,2309070
37.48173,1660005002,일신동,126.75249,인천광역시 부평구 일신동,2021-10-19,2306069
37.404,1640012100,동춘3동,126.6795,인천광역시 연수구 동춘3동,2021-10-19,2304059
37.464115,1630045801,주안1동,126.67999,인천광역시 미추홀구 주안1동,2021-10-19,2309065
37.464096,1630045801,주안1동,126.68,인천광역시 미추홀구 주안1동,2021-10-19,2309065
37.407814,1640013902,동춘2동,126.67251,인천광역시 연수구 동춘2동,2021-10-19,2304058
37.411797,1640000403,송도5동,126.64262,인천광역시 연수구 송도5동,2021-10-19,2304069
37.41272,1640000302,송도5동,126.64156,인천광역시 연수구 송도5동,2021-10-19,2304069
37.43895,1610013814,연안동,126.61781,인천광역시 중구 연안동,2021-10-19,2301052
37.432663,1610195902,신흥동,126.629326,인천광역시 중구 신흥동,2021-10-19,2301054
37.44666,1650278700,구월1동,126.70823,인천광역시 남동구 구월1동,2021-10-19,2305051
37.424347,1640043000,선학동,126.69863,인천광역시 연수구 선학동,2021-10-19,2304052
37.449425,1650056600,구월1동,126.71854,인천광역시 남동구 구월1동,2021-10-19,2305051
37.46049,1650329600,만수3동,126.72869,인천광역시 남동구 만수3동,2021-10-19,2305061
37.456905,1650060500,장수서창동,126.748245,인천광역시 남동구 장수서창동,2021-10-19,2305075
37.432842,1650004100,서창2동,126.7368,인천광역시 남동구 서창2동,2021-10-19,2305076
37.432827,1650004100,서창2동,126.73735,인천광역시 남동구 서창2동,2021-10-19,2305076
37.432854,1650004100,서창2동,126.73624,인천광역시 남동구 서창2동,2021-10-19,2305076
37.433453,1650004600,남촌도림동,126.729065,인천광역시 남동구 남촌도림동,2021-10-19,2305067
37.448257,1630020101,용현1.4동,126.65095,인천광역시 미추홀구 용현1.4동,2021-10-19,2309076
37.448433,1630020101,학익1동,126.650375,인천광역시 미추홀구 학익1동,2021-10-19,2309060
37.463543,1630171401,도화1동,126.67285,인천광역시 미추홀구 도화1동,2021-10-19,2309062
37.525406,1670000801,효성2동,126.71544,인천광역시 계양구 효성2동,2021-10-19,2307052
37.516914,1660046101,삼산1동,126.74439,인천광역시 부평구 삼산1동,2021-10-19,2306065
37.50646,2420006700,상동,126.746574,경기도 부천시 상동,2021-10-19,2206064
37.426826,1650046002,남촌도림동,126.73471,인천광역시 남동구 남촌도림동,2021-10-19,2305067
37.41948,1650340600,남촌도림동,126.73022,인천광역시 남동구 남촌도림동,2021-10-19,2305067
37.349068,2240071401,정왕2동,126.732704,경기도 시흥시 정왕2동,2021-10-19,3115061
37.37804,2240146100,배곧동,126.73379,경기도 시흥시 배곧동,2021-10-19,3115073
37.38525,1650218400,논현고잔동,126.696396,인천광역시 남동구 논현고잔동,2021-10-19,2305074
37.38793,1640311900,송도3동,126.68048,인천광역시 연수구 송도3동,2021-10-19,2304065
37.402374,1640243800,동춘1동,126.6561,인천광역시 연수구 동춘1동,2021-10-19,2304057
37.405823,1640244200,동춘1동,126.65839,인천광역시 연수구 동춘1동,2021-10-19,2304057
37.393818,1640248700,동춘2동,126.66542,인천광역시 연수구 동춘2동,2021-10-19,2304058
37.38873,1640151900,송도3동,126.66343,인천광역시 연수구 송도3동,2021-10-19,2304065
37.412968,1640019400,연수2동,126.686104,인천광역시 연수구 연수2동,2021-10-19,2304054
37.422157,1650044600,남촌도림동,126.71584,인천광역시 남동구 남촌도림동,2021-10-19,2305067
37.42067,1650115402,논현1동,126.743324,인천광역시 남동구 논현1동,2021-10-19,1123052
37.43006,2240017200,신천동,126.7858,경기도 시흥시 신천동,2021-10-19,3115052
37.4358,2130001600,학온동,126.86211,경기도 광명시 학온동,2021-10-19,3106068
37.40856,1640013500,동춘2동,126.67041,인천광역시 연수구 동춘2동,2021-10-19,2304058
37.40979,2080002401,안양2동,126.921936,경기도 안양시 만안구 안양2동,2021-10-19,3104152
37.401936,2090013501,비산3동,126.95044,경기도 안양시 동안구 비산3동,2021-10-19,3104253
37.403866,2090082300,관양2동,126.96621,경기도 안양시 동안구 관양2동,2021-10-19,3104257
37.376385,2080079300,안양8동,126.93571,경기도 안양시 만안구 안양8동,2021-10-19,3104158
37.37029,2240014601,목감동,126.86395,경기도 시흥시 목감동,2021-10-19,3115056
37.374954,2240014601,목감동,126.858086,경기도 시흥시 목감동,2021-10-19,3115056
37.375305,2240014601,목감동,126.85784,경기도 시흥시 목감동,2021-10-19,3115056
37.377296,2240014601,목감동,126.85674,경기도 시흥시 목감동,2021-10-19,3115056
37.382717,2240014601,목감동,126.85558,경기도 시흥시 목감동,2021-10-19,3115056
37.382717,2240014601,목감동,126.85558,경기도 시흥시 목감동,2021-10-19,3115056
37.38448,2240014601,목감동,126.85539,경기도 시흥시 목감동,2021-10-19,3115056
37.385296,2240014601,목감동,126.85531,경기도 시흥시 목감동,2021-10-19,3115056
37.390266,2240014601,목감동,126.853935,경기도 시흥시 목감동,2021-10-19,3115056
37.391354,2240014601,목감동,126.85317,경기도 시흥시 목감동,2021-10-19,3115056
37.391563,2240014601,목감동,126.853004,경기도 시흥시 목감동,2021-10-19,3115056
37.393257,2240014601,목감동,126.85124,경기도 시흥시 목감동,2021-10-19,3115056
37.40438,1640114100,송도2동,126.64319,인천광역시 연수구 송도2동,2021-10-19,2304066
37.377487,1640302700,송도3동,126.6619,인천광역시 연수구 송도3동,2021-10-19,2304065
37.418472,1650039400,남촌도림동,126.70783,인천광역시 남동구 남촌도림동,2021-10-18,2305067
37.44427,1630019200,관교동,126.69102,인천광역시 미추홀구 관교동,2021-10-18,2309073
37.413002,1650037001,남촌도림동,126.703186,인천광역시 남동구 남촌도림동,2021-10-18,2305067
37.457085,1650351500,간석1동,126.69862,인천광역시 남동구 간석1동,2021-10-18,2305055
37.46997,1610008300,도원동,126.638916,인천광역시 중구 도원동,2021-10-18,2207068
37.39405,1650025800,논현고잔동,126.69879,인천광역시 남동구 논현고잔동,2021-10-18,2305074
37.39781,1650027100,논현고잔동,126.6907,인천광역시 남동구 논현고잔동,2021-10-18,2305074
37.398033,1650027100,논현고잔동,126.69019,인천광역시 남동구 논현고잔동,2021-10-18,2305074
37.39852,1650027100,논현고잔동,126.689186,인천광역시 남동구 논현고잔동,2021-10-18,2305074
37.401344,1650028601,논현고잔동,126.68326,인천광역시 남동구 논현고잔동,2021-10-18,2305074
37.425716,1640049200,옥련2동,126.645515,인천광역시 연수구 옥련2동,2021-10-18,2304060
37.439487,1630013902,관교동,126.694214,인천광역시 미추홀구 관교동,2021-10-18,2309073
37.439148,1630014402,관교동,126.69955,인천광역시 미추홀구 관교동,2021-10-18,2309073
37.45048,1650058202,구월3동,126.70123,인천광역시 남동구 구월3동,2021-10-18,2305053
37.45238,1650058201,구월3동,126.70148,인천광역시 남동구 구월3동,2021-10-18,2305053
37.419746,1640025800,선학동,126.69585,인천광역시 연수구 선학동,2021-10-18,2304052
37.447037,1650278700,구월1동,126.70809,인천광역시 남동구 구월1동,2021-10-18,2305051
37.440773,1630014502,관교동,126.6984,인천광역시 미추홀구 관교동,2021-10-18,2309073
37.455738,1630028100,용현2동,126.649635,인천광역시 미추홀구 용현2동,2021-10-18,2309056
37.422825,1650352801,남촌도림동,126.70967,인천광역시 남동구 남촌도림동,2021-10-18,2305067
37.42731,1640051501,청학동,126.6605,인천광역시 연수구 청학동,2021-10-18,2304056
37.39058,1650223600,논현고잔동,126.720856,인천광역시 남동구 논현고잔동,2021-10-18,2305074
37.41968,1650352701,남촌도림동,126.70882,인천광역시 남동구 남촌도림동,2021-10-18,2305067
37.41748,1650039400,남촌도림동,126.70719,인천광역시 남동구 남촌도림동,2021-10-18,2305067
37.453888,1630169401,용현5동,126.64265,인천광역시 미추홀구 용현5동,2021-10-18,2309059
37.47153,1660000101,십정1동,126.69374,인천광역시 부평구 십정1동,2021-09-14,2306070
37.470615,1660000102,십정2동,126.69497,인천광역시 부평구 십정2동,2021-09-14,2306071
37.47084,1660000102,십정2동,126.694664,인천광역시 부평구 십정2동,2021-09-14,2306071
37.47174,1660000101,십정1동,126.69347,인천광역시 부평구 십정1동,2021-09-14,2306070
37.436943,1640001700,선학동,126.69627,인천광역시 연수구 선학동,2021-09-14,2304052
37.43133,1640273400,선학동,126.69704,인천광역시 연수구 선학동,2021-09-14,2304052
37.424206,1640262400,선학동,126.69378,인천광역시 연수구 선학동,2021-09-14,2304052
37.39513,1640002700,동춘2동,126.66979,인천광역시 연수구 동춘2동,2021-09-14,2304058
37.417667,1640023900,연수3동,126.687744,인천광역시 연수구 연수3동,2021-09-14,2304055
37.46362,1630171301,도화1동,126.67322,인천광역시 미추홀구 도화1동,2021-09-14,2309062
37.457737,1650351400,주안6동,126.69222,인천광역시 미추홀구 주안6동,2021-09-14,2309070
37.44887,1650055800,구월4동,126.724205,인천광역시 남동구 구월4동,2021-09-13,2305054
37.44831,1650055100,만수6동,126.73309,인천광역시 남동구 만수6동,2021-09-13,2305064
37.44833,1650055100,만수6동,126.73275,인천광역시 남동구 만수6동,2021-09-13,2305064
37.42322,1640042500,연수3동,126.69691,인천광역시 연수구 연수3동,2021-09-13,2304055
37.423054,1640041800,연수3동,126.69482,인천광역시 연수구 연수3동,2021-09-13,2304055
37.415222,1640019100,연수2동,126.6911,인천광역시 연수구 연수2동,2021-09-13,2304054
37.414986,1640019100,연수2동,126.69085,인천광역시 연수구 연수2동,2021-09-13,2304054
37.409943,1640015700,연수2동,126.68555,인천광역시 연수구 연수2동,2021-09-13,2304054
37.408405,1650032102,논현고잔동,126.68742,인천광역시 남동구 논현고잔동,2021-09-13,2305074
37.42155,1640035900,연수3동,126.697174,인천광역시 연수구 연수3동,2021-09-13,2304055
37.422314,1640035301,옥련1동,126.64717,인천광역시 연수구 옥련1동,2021-09-13,2304051
37.418564,1640025600,연수3동,126.69293,인천광역시 연수구 연수3동,2021-09-13,2304055
37.48887,1663187701,부개2동,126.73974,인천광역시 부평구 부개2동,2021-09-13,2306067
37.506935,1663190801,삼산2동,126.73486,인천광역시 부평구 삼산2동,2021-09-13,2306072
37.39853,1650027200,논현고잔동,126.6894,인천광역시 남동구 논현고잔동,2021-09-13,2305074
37.419704,1640025800,선학동,126.69578,인천광역시 연수구 선학동,2021-09-13,2304052
37.426086,1640049200,옥련2동,126.64482,인천광역시 연수구 옥련2동,2021-09-13,2304060
37.461205,1650276900,간석1동,126.697586,인천광역시 남동구 간석1동,2021-09-13,2305055
37.614964,1680083600,불로대곡동,126.68327,인천광역시 서구 불로대곡동,2021-09-13,2308081
37.397762,1640141100,송도1동,126.65227,인천광역시 연수구 송도1동,2021-09-13,2304064
37.390522,1640137600,송도1동,126.65057,인천광역시 연수구 송도1동,2021-09-13,2304064
37.401257,1640243800,동춘1동,126.655426,인천광역시 연수구 동춘1동,2021-09-13,2304057
37.40219,1640243800,동춘1동,126.65607,인천광역시 연수구 동춘1동,2021-09-13,2304057
37.40298,1640243800,동춘1동,126.656586,인천광역시 연수구 동춘1동,2021-09-13,2304057
37.403755,1640243800,동춘1동,126.65711,인천광역시 연수구 동춘1동,2021-09-13,2304057
37.405506,1640244200,동춘1동,126.65826,인천광역시 연수구 동춘1동,2021-09-13,2304057
37.43476,1630011803,학익1동,126.64729,인천광역시 미추홀구 학익1동,2021-09-13,2309060
37.436386,1630166900,학익1동,126.64873,인천광역시 미추홀구 학익1동,2021-09-13,2309060
37.47845,1680494000,가좌1동,126.671486,인천광역시 서구 가좌1동,2021-09-13,2308062
37.489555,1680024100,가좌3동,126.678925,인천광역시 서구 가좌3동,2021-09-13,2308064
37.486065,1680022201,가좌4동,126.680244,인천광역시 서구 가좌4동,2021-09-13,2308065
37.483807,1680001000,가좌3동,126.67721,인천광역시 서구 가좌3동,2021-09-13,2308064
37.526062,1680286300,가정1동,126.66932,인천광역시 서구 가정1동,2021-09-13,2308054
37.529243,1680287500,가정1동,126.669525,인천광역시 서구 가정1동,2021-09-13,2308054
37.52616,1680517001,가정1동,126.67301,인천광역시 서구 가정1동,2021-09-13,2308054
37.39512,1640002700,동춘2동,126.669815,인천광역시 연수구 동춘2동,2021-09-13,2304058
37.39258,1640128500,송도2동,126.6465,인천광역시 연수구 송도2동,2021-09-13,2304066
37.525566,1670001200,작전1동,126.727974,인천광역시 계양구 작전1동,2021-09-13,2307056
37.511948,1663009502,삼산2동,126.74263,인천광역시 부평구 삼산2동,2021-09-13,2306072
37.505894,2420017300,상동,126.751915,경기도 부천시 상동,2021-09-13,2206064
37.398342,1640142900,송도2동,126.652534,인천광역시 연수구 송도2동,2021-09-13,2304066
37.50422,2420056300,신중동,126.76658,경기도 부천시 신중동,2021-09-13,3105090
37.50937,2420032700,상동,126.75481,경기도 부천시 상동,2021-09-13,2206064
37.51683,1660046002,삼산2동,126.74457,인천광역시 부평구 삼산2동,2021-09-13,2306072
37.51721,1660046600,삼산2동,126.73821,인천광역시 부평구 삼산2동,2021-09-13,2306072
37.54365,1670221500,계산1동,126.71811,인천광역시 계양구 계산1동,2021-09-13,2307053
37.55164,1680496800,연희동,126.69268,인천광역시 서구 연희동,2021-09-13,1113076
37.551918,1680496800,연희동,126.68861,인천광역시 서구 연희동,2021-09-13,1113076
37.550713,1680007001,연희동,126.67722,인천광역시 서구 연희동,2021-09-13,1113076
37.549957,1680007001,연희동,126.67723,인천광역시 서구 연희동,2021-09-13,1113076
37.49629,1680027700,가좌3동,126.67577,인천광역시 서구 가좌3동,2021-09-12,2308064
37.463627,1630171301,도화1동,126.6732,인천광역시 미추홀구 도화1동,2021-09-12,2309062
37.455643,1630172801,주안4동,126.68004,인천광역시 미추홀구 주안4동,2021-09-12,2309068
37.427322,1640051401,옥련1동,126.6594,인천광역시 연수구 옥련1동,2021-09-12,2304051
37.427826,1640052000,옥련1동,126.65685,인천광역시 연수구 옥련1동,2021-09-12,2304051
37.430725,1640053100,옥련2동,126.647316,인천광역시 연수구 옥련2동,2021-09-12,2304060
37.425987,1640047900,청학동,126.667725,인천광역시 연수구 청학동,2021-09-12,2304056
37.426296,1640050400,청학동,126.66646,인천광역시 연수구 청학동,2021-09-12,2304056
37.436012,1650045503,남촌도림동,126.718315,인천광역시 남동구 남촌도림동,2021-09-12,2305067
37.423138,1640042400,연수3동,126.696976,인천광역시 연수구 연수3동,2021-09-12,2304055
37.479527,1660010500,부평3동,126.71043,인천광역시 부평구 부평3동,2021-09-12,2306053
37.45499,1650062000,구월3동,126.70188,인천광역시 남동구 구월3동,2021-09-12,2305053
37.45224,1650058102,구월3동,126.70147,인천광역시 남동구 구월3동,2021-09-12,2305053
37.40285,1640243400,동춘1동,126.656586,인천광역시 연수구 동춘1동,2021-09-12,2304057
37.424713,1640273100,연수1동,126.68286,인천광역시 연수구 연수1동,2021-09-12,2304053
37.419777,1640025800,선학동,126.69585,인천광역시 연수구 선학동,2021-09-12,2304052
37.411613,1650034400,논현2동,126.71327,인천광역시 남동구 논현2동,2021-09-12,1123053
37.42112,1640035900,연수3동,126.69691,인천광역시 연수구 연수3동,2021-09-12,2304055
37.41329,1650036600,논현2동,126.71251,인천광역시 남동구 논현2동,2021-09-12,1123053
37.423412,1640324901,연수3동,126.68866,인천광역시 연수구 연수3동,2021-09-12,2304055
37.42074,1640034000,선학동,126.69682,인천광역시 연수구 선학동,2021-09-11,2304052
37.41959,1640025800,선학동,126.69566,인천광역시 연수구 선학동,2021-09-11,2304052
37.514915,1660043500,삼산2동,126.73911,인천광역시 부평구 삼산2동,2021-09-11,2306072
37.397312,1640088800,송도2동,126.634254,인천광역시 연수구 송도2동,2021-09-11,2304066
37.39386,1640140900,송도1동,126.65104,인천광역시 연수구 송도1동,2021-09-11,2304064
37.398808,1640141700,송도2동,126.6516,인천광역시 연수구 송도2동,2021-09-11,2304066
37.42174,1640036600,연수3동,126.69323,인천광역시 연수구 연수3동,2021-09-11,2304055
37.421738,1640036600,연수3동,126.69326,인천광역시 연수구 연수3동,2021-09-11,2304055
37.48023,1620000101,송림6동,126.64558,인천광역시 동구 송림6동,2021-09-11,2302063
37.472,1610254900,동인천동,126.63019,인천광역시 중구 동인천동,2021-09-11,2301058
37.46581,1630043500,주안5동,126.6901,인천광역시 미추홀구 주안5동,2021-09-11,2309069
37.427246,1640048000,청학동,126.670395,인천광역시 연수구 청학동,2021-09-11,2304056
37.42361,1640043800,청학동,126.668915,인천광역시 연수구 청학동,2021-09-11,2304056
37.400105,1640243700,송도1동,126.65461,인천광역시 연수구 송도1동,2021-09-11,2304064
37.393623,1640138700,송도1동,126.65062,인천광역시 연수구 송도1동,2021-09-11,2304064
37.402885,1640243400,동춘1동,126.656624,인천광역시 연수구 동춘1동,2021-09-11,2304057
37.412178,1640245800,동춘1동,126.66276,인천광역시 연수구 동춘1동,2021-09-11,2304057
37.419342,1640030400,연수1동,126.6786,인천광역시 연수구 연수1동,2021-09-11,2304053
37.419342,1640030400,연수1동,126.6786,인천광역시 연수구 연수1동,2021-09-11,2304053
37.420498,1640033703,청학동,126.67123,인천광역시 연수구 청학동,2021-09-11,2304056
37.42199,1640038100,청학동,126.66812,인천광역시 연수구 청학동,2021-09-11,2304056
37.42471,1640046301,연수1동,126.67646,인천광역시 연수구 연수1동,2021-09-11,2304053
37.41804,1640021900,연수2동,126.67837,인천광역시 연수구 연수2동,2021-09-11,2304054
37.426853,1640050600,옥련2동,126.645226,인천광역시 연수구 옥련2동,2021-09-11,2304060
37.426067,1640049504,옥련2동,126.65128,인천광역시 연수구 옥련2동,2021-09-11,2304060
37.425743,1640048700,옥련1동,126.65359,인천광역시 연수구 옥련1동,2021-09-11,2304051
37.4315,1640050302,선학동,126.69865,인천광역시 연수구 선학동,2021-09-11,2304052
37.422176,1650044500,남촌도림동,126.71348,인천광역시 남동구 남촌도림동,2021-09-11,2305067
37.465763,1650070703,간석4동,126.6932,인천광역시 남동구 간석4동,2021-09-11,2305058
37.468056,1663185000,십정2동,126.70205,인천광역시 부평구 십정2동,2021-09-11,2306071
37.476826,1650010800,간석3동,126.709854,인천광역시 남동구 간석3동,2021-09-11,2305057
37.389893,1640116000,송도2동,126.643555,인천광역시 연수구 송도2동,2021-09-10,2304066
37.40244,1640243400,동춘1동,126.65631,인천광역시 연수구 동춘1동,2021-09-10,2304057
37.412113,1640245800,동춘1동,126.66276,인천광역시 연수구 동춘1동,2021-09-10,2304057
37.416733,1640247800,청학동,126.66563,인천광역시 연수구 청학동,2021-09-10,2304056
37.42769,1640051300,청학동,126.66275,인천광역시 연수구 청학동,2021-09-10,2304056
37.409725,1640065300,동춘1동,126.64915,인천광역시 연수구 동춘1동,2021-09-10,2304057
37.42611,1640049504,옥련2동,126.65124,인천광역시 연수구 옥련2동,2021-09-10,2304060
37.426876,1640271500,옥련1동,126.65602,인천광역시 연수구 옥련1동,2021-09-10,2304051
37.426857,1640272100,옥련1동,126.65601,인천광역시 연수구 옥련1동,2021-09-10,2304051
37.454857,1650019100,만수1동,126.73281,인천광역시 남동구 만수1동,2021-09-10,2305059
37.417316,1640023200,청학동,126.67203,인천광역시 연수구 청학동,2021-09-10,2304056
37.401634,1650091002,논현2동,126.72413,인천광역시 남동구 논현2동,2021-09-10,1123053
37.465847,1650014401,주안5동,126.68982,인천광역시 미추홀구 주안5동,2021-09-10,2309069
37.465843,1650014302,주안5동,126.68976,인천광역시 미추홀구 주안5동,2021-09-10,2309069
37.450405,1610021203,연안동,126.624985,인천광역시 중구 연안동,2021-09-10,2301052
37.464214,1630045200,도화1동,126.67259,인천광역시 미추홀구 도화1동,2021-09-10,2309062
37.464996,1630046302,도화1동,126.66537,인천광역시 미추홀구 도화1동,2021-09-10,2309062
37.452465,1630028200,용현3동,126.647995,인천광역시 미추홀구 용현3동,2021-09-10,2309057
37.442413,1630011701,학익1동,126.649826,인천광역시 미추홀구 학익1동,2021-09-10,2309060
37.474903,1680493000,가좌3동,126.678474,인천광역시 서구 가좌3동,2021-09-10,2308064
37.462387,1630041100,숭의1·3동,126.64192,인천광역시 미추홀구 숭의1·3동,2021-09-10,2309075
37.459286,1610025700,신흥동,126.63108,인천광역시 중구 신흥동,2021-09-10,2301054
37.415714,1640319500,송도5동,126.62352,인천광역시 연수구 송도5동,2021-09-10,2304069
37.4021,1640243800,동춘1동,126.65601,인천광역시 연수구 동춘1동,2021-09-10,2304057
37.40291,1640243800,동춘1동,126.65657,인천광역시 연수구 동춘1동,2021-09-10,2304057
37.40387,1640243400,동춘1동,126.65721,인천광역시 연수구 동춘1동,2021-09-10,2304057
37.41696,1640023100,청학동,126.672646,인천광역시 연수구 청학동,2021-09-10,2304056
37.416885,1640020202,청학동,126.67278,인천광역시 연수구 청학동,2021-09-10,2304056
37.43221,1650351000,장수서창동,126.766365,인천광역시 남동구 장수서창동,2021-09-10,2305075
37.43785,2240021700,은행동,126.8175,경기도 시흥시 은행동,2021-09-10,3115054
37.440365,2130002500,학온동,126.83767,경기도 광명시 학온동,2021-09-10,3106068
37.42801,2080117900,석수2동,126.895615,경기도 안양시 만안구 석수2동,2021-09-10,3104161
37.42911,2080117900,석수2동,126.89587,경기도 안양시 만안구 석수2동,2021-09-10,3104161
37.429577,2080117900,석수2동,126.89599,경기도 안양시 만안구 석수2동,2021-09-10,3104161
37.47948,1220000600,개포1동,127.06552,서울특별시 강남구 개포1동,2021-09-10,1123068
37.461975,1210072300,양재1동,127.01865,서울특별시 서초구 양재1동,2021-09-10,1122066
37.43207,2130001401,소하1동,126.897415,경기도 광명시 소하1동,2021-09-10,3106066
37.429985,2080161600,석수2동,126.89646,경기도 안양시 만안구 석수2동,2021-09-10,3104161
37.42503,2130001200,소하2동,126.887695,경기도 광명시 소하2동,2021-09-10,3106067
37.425102,2130001200,소하2동,126.887436,경기도 광명시 소하2동,2021-09-10,3106067
37.427986,2130001200,소하2동,126.88015,경기도 광명시 소하2동,2021-09-10,3106067
37.43149,1650351100,장수서창동,126.76591,인천광역시 남동구 장수서창동,2021-09-10,2305075
37.422947,1640040000,선학동,126.70141,인천광역시 연수구 선학동,2021-09-10,2304052
37.42302,1640041000,선학동,126.700485,인천광역시 연수구 선학동,2021-09-10,2304052
37.422993,1640040400,연수3동,126.69333,인천광역시 연수구 연수3동,2021-09-10,2304055
37.423393,1640324901,연수3동,126.68877,인천광역시 연수구 연수3동,2021-09-10,2304055
37.423393,1640324901,연수3동,126.68877,인천광역시 연수구 연수3동,2021-09-10,2304055
37.418068,1640021900,연수2동,126.67837,인천광역시 연수구 연수2동,2021-09-10,2304054
37.41754,1640021900,연수2동,126.67789,인천광역시 연수구 연수2동,2021-09-10,2304054
37.423218,1640041100,선학동,126.69972,인천광역시 연수구 선학동,2021-09-10,2304052
37.40221,1650029300,논현고잔동,126.694664,인천광역시 남동구 논현고잔동,2021-09-10,2305074
37.45859,1650008402,만수5동,126.72788,인천광역시 남동구 만수5동,2021-09-10,2305063
37.458664,1650008402,만수5동,126.72778,인천광역시 남동구 만수5동,2021-09-10,2305063
37.403,1640010800,동춘2동,126.67081,인천광역시 연수구 동춘2동,2021-09-10,2304058
37.439037,2240023101,대야동,126.790955,경기도 시흥시 대야동,2021-09-10,3115051
37.439747,2240107100,대야동,126.79293,경기도 시흥시 대야동,2021-09-10,3115051
37.42321,1640039100,연수1동,126.673996,인천광역시 연수구 연수1동,2021-09-10,2304053
37.445023,1650006200,장수서창동,126.75973,인천광역시 남동구 장수서창동,2021-09-10,2305075
37.447258,1650017600,장수서창동,126.748085,인천광역시 남동구 장수서창동,2021-09-10,2305075
37.46428,1650069600,간석2동,126.70818,인천광역시 남동구 간석2동,2021-09-10,2305056
37.452538,1650057302,구월1동,126.708244,인천광역시 남동구 구월1동,2021-09-10,2305051
37.413666,1640019100,연수2동,126.68936,인천광역시 연수구 연수2동,2021-09-10,2304054
37.41302,1640016101,연수2동,126.67616,인천광역시 연수구 연수2동,2021-09-10,2304054
37.40862,1650032800,논현2동,126.70048,인천광역시 남동구 논현2동,2021-09-09,1123053
37.408566,1650033200,논현2동,126.70267,인천광역시 남동구 논현2동,2021-09-09,1123053
37.389767,1650258200,논현고잔동,126.68671,인천광역시 남동구 논현고잔동,2021-09-09,2305074
37.382717,1640147300,송도1동,126.65718,인천광역시 연수구 송도1동,2021-09-09,2304064
37.402287,1640243800,동춘1동,126.65609,인천광역시 연수구 동춘1동,2021-09-09,2304057
37.41794,1640024700,옥련1동,126.649994,인천광역시 연수구 옥련1동,2021-09-09,2304051
37.42749,1640051300,청학동,126.66339,인천광역시 연수구 청학동,2021-09-09,2304056
37.47013,1650071800,간석4동,126.690315,인천광역시 남동구 간석4동,2021-09-09,2305058
37.47305,1680011102,가좌3동,126.68423,인천광역시 서구 가좌3동,2021-09-09,2308064
37.48077,1680021700,가좌4동,126.68833,인천광역시 서구 가좌4동,2021-09-09,2308065
37.480217,1680021700,가좌4동,126.68893,인천광역시 서구 가좌4동,2021-09-09,2308065
37.284424,2010099700,입북동,126.94954,경기도 수원시 권선구 입북동,2021-09-09,3101262
37.4261,1640049000,선학동,126.69905,인천광역시 연수구 선학동,2021-09-09,2304052
37.416145,1640020802,동춘1동,126.65683,인천광역시 연수구 동춘1동,2021-09-09,2304057
37.153034,2230344400,중앙동,127.08546,경기도 오산시 중앙동,2021-09-09,1121061
37.1273,2140957800,진위면,127.09668,경기도 평택시 진위면,2021-09-09,3107031
37.10628,2430279101,남사읍,127.11631,경기도 용인시 처인구 남사읍,2021-09-09,3119114
37.104057,2430279101,남사읍,127.1173,경기도 용인시 처인구 남사읍,2021-09-09,3119114
37.427288,1640051501,청학동,126.66058,인천광역시 연수구 청학동,2021-09-09,2304056
37.41664,1640020202,청학동,126.67314,인천광역시 연수구 청학동,2021-09-09,2304056
37.019634,2140956500,비전1동,127.14318,경기도 평택시 비전1동,2021-09-09,3107062
36.985096,2310797600,공도읍,127.158104,경기도 안성시 공도읍,2021-09-09,3122011
36.982582,2310797600,공도읍,127.16,경기도 안성시 공도읍,2021-09-09,3122011
36.942993,3020477200,입장면,127.18965,충청남도 천안시 서북구 입장면,2021-09-09,3401231
36.941795,3020477200,입장면,127.189606,충청남도 천안시 서북구 입장면,2021-09-09,3401231
36.926834,3020477200,입장면,127.18917,충청남도 천안시 서북구 입장면,2021-09-09,3401231
36.919453,3020477200,입장면,127.18907,충청남도 천안시 서북구 입장면,2021-09-09,3401231
36.916965,3020477200,입장면,127.189095,충청남도 천안시 서북구 입장면,2021-09-09,3401231
37.52408,1670150500,효성2동,126.69219,인천광역시 계양구 효성2동,2021-09-09,2307052
37.420906,1640034100,연수3동,126.6968,인천광역시 연수구 연수3동,2021-09-09,2304055
37.460487,1630036400,주안1동,126.68019,인천광역시 미추홀구 주안1동,2021-09-09,2309065
37.460487,1630036400,주안1동,126.68019,인천광역시 미추홀구 주안1동,2021-09-09,2309065
37.430943,1640053300,옥련2동,126.6462,인천광역시 연수구 옥련2동,2021-09-09,2304060
37.43232,1640001600,옥련2동,126.64659,인천광역시 연수구 옥련2동,2021-09-09,2304060
36.85856,3020421100,부성1동,127.14893,충청남도 천안시 서북구 부성1동,2021-09-09,3401260
36.849236,3020411300,부성2동,127.123886,충청남도 천안시 서북구 부성2동,2021-09-09,3401261
37.37294,1640299300,송도3동,126.66707,인천광역시 연수구 송도3동,2021-09-09,2304065
37.401737,1650027400,논현고잔동,126.69536,인천광역시 남동구 논현고잔동,2021-09-09,2305074
37.401737,1650027400,논현고잔동,126.69536,인천광역시 남동구 논현고잔동,2021-09-09,2305074
37.41855,1650039400,남촌도림동,126.70784,인천광역시 남동구 남촌도림동,2021-09-09,2305067
37.44312,1650050100,구월3동,126.7041,인천광역시 남동구 구월3동,2021-09-09,2305053
37.460415,1630036400,주안1동,126.68019,인천광역시 미추홀구 주안1동,2021-09-09,2309065
37.448593,1650012100,구월3동,126.69623,인천광역시 남동구 구월3동,2021-09-09,2305053
37.457863,1630034900,주안4동,126.689125,인천광역시 미추홀구 주안4동,2021-09-09,2309068
37.464237,1630171301,도화1동,126.6733,인천광역시 미추홀구 도화1동,2021-09-09,2309062
37.442467,1630016900,관교동,126.692,인천광역시 미추홀구 관교동,2021-09-09,2309073
37.451195,1630026100,주안8동,126.682816,인천광역시 미추홀구 주안8동,2021-09-09,2309072
37.4388,1650047500,구월3동,126.70554,인천광역시 남동구 구월3동,2021-09-09,2305053
36.989685,2140014600,안중읍,126.915245,경기도 평택시 안중읍,2021-09-09,3107012
37.44075,1630014502,관교동,126.698395,인천광역시 미추홀구 관교동,2021-09-09,2309073
36.9827,2140009211,포승읍,126.88069,경기도 평택시 포승읍,2021-09-09,3107013
36.992317,2140016101,포승읍,126.86402,경기도 평택시 포승읍,2021-09-09,3107013
37.44619,1650011703,구월3동,126.70061,인천광역시 남동구 구월3동,2021-09-09,2305053
37.03314,2140027301,청북읍,126.87798,경기도 평택시 청북읍,2021-09-09,3107014
37.093353,2334282000,향남읍,126.887474,경기도 화성시 향남읍,2021-09-09,3124014
37.413647,1640019100,연수2동,126.689316,인천광역시 연수구 연수2동,2021-09-09,2304054
37.413647,1640019100,연수2동,126.689316,인천광역시 연수구 연수2동,2021-09-09,2304054
37.38704,1640315400,송도3동,126.66174,인천광역시 연수구 송도3동,2021-09-09,2304065
37.381786,1640147500,송도3동,126.65667,인천광역시 연수구 송도3동,2021-09-09,2304065
37.399925,1640243200,송도1동,126.65618,인천광역시 연수구 송도1동,2021-09-09,2304064
37.40331,1640243800,동춘1동,126.656746,인천광역시 연수구 동춘1동,2021-09-09,2304057
37.38455,1650000204,논현고잔동,126.70261,인천광역시 남동구 논현고잔동,2021-09-09,2305074
37.397907,1650233000,논현1동,126.73777,인천광역시 남동구 논현1동,2021-09-09,1123052
37.248005,2330060200,비봉면,126.88295,경기도 화성시 비봉면,2021-09-09,3124033
37.253986,2330060200,비봉면,126.884026,경기도 화성시 비봉면,2021-09-09,3124033
37.258835,2330060200,매송면,126.88595,경기도 화성시 매송면,2021-09-09,3124031
37.28418,2334291800,매송면,126.90003,경기도 화성시 매송면,2021-09-09,3124031
37.307083,2160389200,반월동,126.89603,경기도 안산시 상록구 반월동,2021-09-09,3109171
37.307266,2160389200,반월동,126.89592,경기도 안산시 상록구 반월동,2021-09-09,3109171
37.30911,2160389200,반월동,126.8944,경기도 안산시 상록구 반월동,2021-09-09,3109171
37.310352,2160389200,반월동,126.89303,경기도 안산시 상록구 반월동,2021-09-09,3109171
37.311905,2160389200,반월동,126.89094,경기도 안산시 상록구 반월동,2021-09-09,3109171
37.31625,2160389200,반월동,126.88494,경기도 안산시 상록구 반월동,2021-09-09,3109171
37.322845,2250272900,대야동,126.87948,경기도 군포시 대야동,2021-09-09,3115051
37.32697,2250272900,대야동,126.87808,경기도 군포시 대야동,2021-09-09,3115051
37.344288,2160016500,안산동,126.8585,경기도 안산시 상록구 안산동,2021-09-09,3109173
37.347225,2160017200,월피동,126.85082,경기도 안산시 상록구 월피동,2021-09-09,3109158
37.31756,2240879500,정왕2동,126.62834,경기도 시흥시 정왕2동,2021-09-09,3115061
37.31693,2240879500,정왕2동,126.6261,경기도 시흥시 정왕2동,2021-09-09,3115061
37.31153,2170009001,대부동,126.60888,경기도 안산시 단원구 대부동,2021-09-09,3109272
37.350525,2170017100,선부3동,126.80744,경기도 안산시 단원구 선부3동,2021-09-09,3109270
37.425545,1650350900,남촌도림동,126.73742,인천광역시 남동구 남촌도림동,2021-09-08,2305067
37.309006,2170008901,대부동,126.605606,경기도 안산시 단원구 대부동,2021-09-08,3109272
37.30793,2170008901,대부동,126.603775,경기도 안산시 단원구 대부동,2021-09-08,3109272
37.29205,2170004203,대부동,126.57783,경기도 안산시 단원구 대부동,2021-09-08,3109272
37.3167,2170009001,대부동,126.6248,경기도 안산시 단원구 대부동,2021-09-08,3109272
37.338173,2240002901,정왕3동,126.696075,경기도 시흥시 정왕3동,2021-09-08,3115062
37.35348,2240004704,정왕3동,126.71282,경기도 시흥시 정왕3동,2021-09-08,3115062
37.35377,2240004704,정왕3동,126.71331,경기도 시흥시 정왕3동,2021-09-08,3115062
37.404823,1650030904,논현1동,126.739685,인천광역시 남동구 논현1동,2021-09-08,1123052
37.423187,1640041000,선학동,126.698425,인천광역시 연수구 선학동,2021-09-08,2304052
37.422935,1640040400,연수3동,126.69322,인천광역시 연수구 연수3동,2021-09-08,2304055
37.447357,1630020101,학익1동,126.65252,인천광역시 미추홀구 학익1동,2021-09-08,2309060
37.41321,1650037100,남촌도림동,126.704056,인천광역시 남동구 남촌도림동,2021-08-31,2305067
37.41321,1650037100,남촌도림동,126.704056,인천광역시 남동구 남촌도림동,2021-08-31,2305067
37.41976,1640025800,선학동,126.6958,인천광역시 연수구 선학동,2021-08-31,2304052
37.422306,1650044600,남촌도림동,126.71264,인천광역시 남동구 남촌도림동,2021-08-31,2305067
37.435635,1650047600,구월1동,126.70728,인천광역시 남동구 구월1동,2021-08-31,2305051
37.43171,1640001600,옥련2동,126.646355,인천광역시 연수구 옥련2동,2021-08-31,2304060
37.43103,1650266304,장수서창동,126.75977,인천광역시 남동구 장수서창동,2021-08-31,2305075
37.43047,1640051800,옥련2동,126.64622,인천광역시 연수구 옥련2동,2021-08-31,2304060
37.445686,1630019900,학익2동,126.66704,인천광역시 미추홀구 학익2동,2021-08-31,2309061
37.433456,1650016800,남촌도림동,126.70794,인천광역시 남동구 남촌도림동,2021-08-31,2305067
37.430073,1650081700,남촌도림동,126.71581,인천광역시 남동구 남촌도림동,2021-08-31,2305067
37.42868,1650081800,남촌도림동,126.71421,인천광역시 남동구 남촌도림동,2021-08-31,2305067
37.42982,1650045603,남촌도림동,126.71756,인천광역시 남동구 남촌도림동,2021-08-31,2305067
37.438736,1630013600,학익1동,126.67465,인천광역시 미추홀구 학익1동,2021-08-31,2309060
37.438904,1630013600,학익2동,126.6743,인천광역시 미추홀구 학익2동,2021-08-31,2309061
37.43954,1630013500,학익2동,126.67266,인천광역시 미추홀구 학익2동,2021-08-31,2309061
37.43987,1630016200,학익1동,126.67173,인천광역시 미추홀구 학익1동,2021-08-31,2309060
37.44039,1630015300,문학동,126.6787,인천광역시 미추홀구 문학동,2021-08-31,2309074
37.431652,1650081700,남촌도림동,126.713715,인천광역시 남동구 남촌도림동,2021-08-31,2305067
37.43995,1630014800,문학동,126.67889,인천광역시 미추홀구 문학동,2021-08-31,2309074
37.42718,1650081700,남촌도림동,126.7161,인천광역시 남동구 남촌도림동,2021-08-31,2305067
37.42214,1650044600,남촌도림동,126.71488,인천광역시 남동구 남촌도림동,2021-08-31,2305067
37.41912,1650040800,남촌도림동,126.711624,인천광역시 남동구 남촌도림동,2021-08-31,2305067
37.441296,1630011701,학익1동,126.64955,인천광역시 미추홀구 학익1동,2021-08-31,2309060
37.431683,1640001500,옥련2동,126.64654,인천광역시 연수구 옥련2동,2021-08-31,2304060
37.413998,1650038500,논현2동,126.711,인천광역시 남동구 논현2동,2021-08-31,1123053
37.430782,1640053100,옥련2동,126.64757,인천광역시 연수구 옥련2동,2021-08-31,2304060
37.44274,1630019700,주안7동,126.68036,인천광역시 미추홀구 주안7동,2021-08-31,2309071
37.430763,1640053100,옥련2동,126.64759,인천광역시 연수구 옥련2동,2021-08-31,2304060
37.43012,1640053100,옥련2동,126.649506,인천광역시 연수구 옥련2동,2021-08-31,2304060
37.429893,1640052900,옥련2동,126.65013,인천광역시 연수구 옥련2동,2021-08-31,2304060
37.428726,1640052500,옥련2동,126.65379,인천광역시 연수구 옥련2동,2021-08-31,2304060
37.418354,1650040500,남촌도림동,126.709785,인천광역시 남동구 남촌도림동,2021-08-31,2305067
37.40326,1640010500,동춘2동,126.67897,인천광역시 연수구 동춘2동,2021-08-31,2304058
37.438637,1630013002,문학동,126.68315,인천광역시 미추홀구 문학동,2021-08-31,2309074
37.38939,1640316400,송도3동,126.66565,인천광역시 연수구 송도3동,2021-08-31,2304065
37.41733,1640019200,연수2동,126.69331,인천광역시 연수구 연수2동,2021-08-31,2304054
37.396408,1640007700,동춘2동,126.67116,인천광역시 연수구 동춘2동,2021-08-31,2304058
37.383816,1640137900,송도1동,126.64879,인천광역시 연수구 송도1동,2021-08-31,2304064
37.37913,1640306100,송도3동,126.66487,인천광역시 연수구 송도3동,2021-08-31,2304065
37.380417,1640306600,송도3동,126.66273,인천광역시 연수구 송도3동,2021-08-31,2304065
37.38557,1640121500,송도1동,126.645454,인천광역시 연수구 송도1동,2021-08-31,2304064
37.42607,1640049100,선학동,126.69863,인천광역시 연수구 선학동,2021-08-31,2304052
37.42786,1640050204,선학동,126.69894,인천광역시 연수구 선학동,2021-08-31,2304052
37.410347,1640015800,연수2동,126.68566,인천광역시 연수구 연수2동,2021-08-31,2304054
37.42013,1640025800,연수3동,126.69604,인천광역시 연수구 연수3동,2021-08-31,2304055
37.43395,1640050302,선학동,126.69809,인천광역시 연수구 선학동,2021-08-31,2304052
37.41946,1640031600,연수3동,126.68218,인천광역시 연수구 연수3동,2021-08-30,2304055
37.419453,1640031600,연수3동,126.682205,인천광역시 연수구 연수3동,2021-08-30,2304055
37.41346,1640018200,연수2동,126.68436,인천광역시 연수구 연수2동,2021-08-30,2304054
37.417995,1640021900,연수2동,126.67833,인천광역시 연수구 연수2동,2021-08-30,2304054
37.411625,1640016700,동춘3동,126.67353,인천광역시 연수구 동춘3동,2021-08-30,2304059
37.40853,1640013500,동춘2동,126.67037,인천광역시 연수구 동춘2동,2021-08-30,2304058
37.396862,1650027000,논현고잔동,126.67282,인천광역시 남동구 논현고잔동,2021-08-30,2305074
37.39512,1650025402,논현고잔동,126.67563,인천광역시 남동구 논현고잔동,2021-08-30,2305074
37.39512,1650025402,논현고잔동,126.67563,인천광역시 남동구 논현고잔동,2021-08-30,2305074
37.41705,1650038200,남촌도림동,126.695526,인천광역시 남동구 남촌도림동,2021-08-30,2305067
37.43157,1640001600,옥련2동,126.64637,인천광역시 연수구 옥련2동,2021-08-30,2304060
37.44739,1630020101,학익1동,126.65265,인천광역시 미추홀구 학익1동,2021-08-30,2309060
37.43551,1630011701,학익1동,126.64765,인천광역시 미추홀구 학익1동,2021-08-30,2309060
37.43072,1640053200,옥련2동,126.64625,인천광역시 연수구 옥련2동,2021-08-30,2304060
37.489212,1663183900,부개2동,126.73532,인천광역시 부평구 부개2동,2021-08-30,2306067
37.489193,1663183900,부개2동,126.73532,인천광역시 부평구 부개2동,2021-08-30,2306067
37.50439,1660030700,산곡2동,126.7036,인천광역시 부평구 산곡2동,2021-08-30,2306058
37.506897,1660032600,청천2동,126.7208,인천광역시 부평구 청천2동,2021-08-30,2306062
37.480316,1660010200,일신동,126.7516,인천광역시 부평구 일신동,2021-08-30,2306069
37.400917,1650229000,논현고잔동,126.72456,인천광역시 남동구 논현고잔동,2021-08-30,2305074
37.39878,1650229800,논현고잔동,126.7246,인천광역시 남동구 논현고잔동,2021-08-30,2305074
37.39877,1650229800,논현고잔동,126.724594,인천광역시 남동구 논현고잔동,2021-08-30,2305074
37.3988,1650228600,논현고잔동,126.7246,인천광역시 남동구 논현고잔동,2021-08-30,2305074
37.40186,1650080903,논현2동,126.71306,인천광역시 남동구 논현2동,2021-08-30,1123053
37.40737,1650033100,논현2동,126.70492,인천광역시 남동구 논현2동,2021-08-30,1123053
37.407345,1650033100,논현2동,126.70497,인천광역시 남동구 논현2동,2021-08-30,1123053
37.401382,1650091002,논현2동,126.72411,인천광역시 남동구 논현2동,2021-08-30,1123053
37.378494,2240009202,월곶동,126.73986,경기도 시흥시 월곶동,2021-08-30,3115069
37.367733,2240361102,배곧동,126.72312,경기도 시흥시 배곧동,2021-08-30,3115073
37.35051,2240075500,정왕본동,126.74437,경기도 시흥시 정왕본동,2021-08-30,3115064
37.353577,2240150802,정왕본동,126.7418,경기도 시흥시 정왕본동,2021-08-30,3115064
37.353565,2240150802,정왕본동,126.7418,경기도 시흥시 정왕본동,2021-08-30,3115064
37.462696,1650329300,만수2동,126.73217,인천광역시 남동구 만수2동,2021-08-30,2305060
37.459198,1650008401,만수3동,126.72708,인천광역시 남동구 만수3동,2021-08-30,2305061
37.449444,1650280002,구월1동,126.71135,인천광역시 남동구 구월1동,2021-08-30,2305051
37.447075,1650278700,구월1동,126.707405,인천광역시 남동구 구월1동,2021-08-30,2305051
37.450413,1610237600,연안동,126.61389,인천광역시 중구 연안동,2021-08-30,2301052
37.449352,1610020901,신흥동,126.6248,인천광역시 중구 신흥동,2021-08-30,2301054
37.44936,1610020901,신흥동,126.624855,인천광역시 중구 신흥동,2021-08-30,2301054
37.460644,1630037800,주안6동,126.68959,인천광역시 미추홀구 주안6동,2021-08-30,2309070
37.409836,1640015300,동춘1동,126.666855,인천광역시 연수구 동춘1동,2021-08-30,2304057
37.408375,1640014001,동춘3동,126.67196,인천광역시 연수구 동춘3동,2021-08-30,2304059
37.408363,1640014001,동춘3동,126.67198,인천광역시 연수구 동춘3동,2021-08-30,2304059
37.474396,1660000401,십정1동,126.68915,인천광역시 부평구 십정1동,2021-08-30,2306070
37.474396,1660000401,십정1동,126.689125,인천광역시 부평구 십정1동,2021-08-30,2306070
37.474327,1660000401,십정1동,126.68919,인천광역시 부평구 십정1동,2021-08-30,2306070
37.47431,1660000401,십정1동,126.68921,인천광역시 부평구 십정1동,2021-08-30,2306070
37.474297,1660000401,십정1동,126.68922,인천광역시 부평구 십정1동,2021-08-30,2306070
37.474277,1660000401,십정1동,126.68923,인천광역시 부평구 십정1동,2021-08-30,2306070
37.474255,1660000401,십정1동,126.68925,인천광역시 부평구 십정1동,2021-08-30,2306070
37.474247,1660000401,십정1동,126.689255,인천광역시 부평구 십정1동,2021-08-30,2306070
37.474266,1660000401,십정1동,126.68924,인천광역시 부평구 십정1동,2021-08-30,2306070
37.47426,1660000401,십정1동,126.689255,인천광역시 부평구 십정1동,2021-08-30,2306070
37.474266,1660000401,십정1동,126.68928,인천광역시 부평구 십정1동,2021-08-30,2306070
37.474262,1660000401,십정1동,126.689224,인천광역시 부평구 십정1동,2021-08-30,2306070
37.465694,1630043500,주안5동,126.69009,인천광역시 미추홀구 주안5동,2021-08-30,2309069
37.461906,1630037700,주안6동,126.689835,인천광역시 미추홀구 주안6동,2021-08-30,2309070
37.418827,1640024200,연수3동,126.69206,인천광역시 연수구 연수3동,2021-08-30,2304055
37.418705,1640025500,연수3동,126.69257,인천광역시 연수구 연수3동,2021-08-30,2304055
37.418667,1640025500,연수3동,126.69264,인천광역시 연수구 연수3동,2021-08-30,2304055
37.446404,1630021700,관교동,126.68989,인천광역시 미추홀구 관교동,2021-08-30,2309073
37.447784,1650051600,구월3동,126.69611,인천광역시 남동구 구월3동,2021-08-30,2305053
37.448227,1630022702,주안8동,126.6896,인천광역시 미추홀구 주안8동,2021-08-30,2309072
37.442932,1650279304,구월1동,126.708496,인천광역시 남동구 구월1동,2021-08-30,2305051
37.45213,1630027400,주안4동,126.679855,인천광역시 미추홀구 주안4동,2021-08-30,2309068
37.45213,1630027400,주안4동,126.679855,인천광역시 미추홀구 주안4동,2021-08-30,2309068
37.45515,1630172701,주안2동,126.67991,인천광역시 미추홀구 주안2동,2021-08-30,2309066
37.45577,1630172701,주안2동,126.67995,인천광역시 미추홀구 주안2동,2021-08-30,2309066
37.440136,1630014302,관교동,126.699844,인천광역시 미추홀구 관교동,2021-08-30,2309073
37.45849,1630035900,주안1동,126.682686,인천광역시 미추홀구 주안1동,2021-08-30,2309065
37.459915,1630036000,주안1동,126.6826,인천광역시 미추홀구 주안1동,2021-08-30,2309065
37.45862,1630036200,주안1동,126.67948,인천광역시 미추홀구 주안1동,2021-08-30,2309065
37.456062,1630172701,주안4동,126.67999,인천광역시 미추홀구 주안4동,2021-08-30,2309068
37.4559,1630172801,주안4동,126.68001,인천광역시 미추홀구 주안4동,2021-08-30,2309068
37.43863,1630013002,문학동,126.68307,인천광역시 미추홀구 문학동,2021-08-30,2309074
37.413624,1640019400,연수2동,126.68511,인천광역시 연수구 연수2동,2021-08-30,2304054
37.41349,1640019400,연수2동,126.685295,인천광역시 연수구 연수2동,2021-08-30,2304054
37.451942,1650057801,구월3동,126.70457,인천광역시 남동구 구월3동,2021-08-30,2305053
37.433987,1640050302,선학동,126.69809,인천광역시 연수구 선학동,2021-08-30,2304052
37.440136,1630014302,관교동,126.69989,인천광역시 미추홀구 관교동,2021-08-30,2309073
37.443077,1650050200,구월3동,126.70525,인천광역시 남동구 구월3동,2021-08-30,2305053
37.41799,1640021900,연수2동,126.67833,인천광역시 연수구 연수2동,2021-08-30,2304054
37.417557,1640021900,연수2동,126.6779,인천광역시 연수구 연수2동,2021-08-30,2304054
37.37725,1640301600,송도3동,126.66444,인천광역시 연수구 송도3동,2021-08-30,2304065
37.41292,1640016101,동춘3동,126.676125,인천광역시 연수구 동춘3동,2021-08-30,2304059
37.411457,1640279700,연수2동,126.67888,인천광역시 연수구 연수2동,2021-08-30,2304054
37.416225,1640020606,연수2동,126.68086,인천광역시 연수구 연수2동,2021-08-30,2304054
37.419537,1640263600,청학동,126.67012,인천광역시 연수구 청학동,2021-08-30,2304056
37.421623,1640036501,청학동,126.67236,인천광역시 연수구 청학동,2021-08-30,2304056
37.414593,1640020607,연수2동,126.68354,인천광역시 연수구 연수2동,2021-08-30,2304054
37.416107,1640019200,연수2동,126.69168,인천광역시 연수구 연수2동,2021-08-30,2304054
37.413666,1640019100,연수2동,126.68935,인천광역시 연수구 연수2동,2021-08-30,2304054
37.408863,1640014700,동춘3동,126.67834,인천광역시 연수구 동춘3동,2021-08-30,2304059
37.410862,1640014900,동춘1동,126.66815,인천광역시 연수구 동춘1동,2021-08-30,2304057
37.436802,1650047600,구월1동,126.70695,인천광역시 남동구 구월1동,2021-08-30,2305051
37.431675,1650003600,남촌도림동,126.709625,인천광역시 남동구 남촌도림동,2021-08-30,2305067
37.42816,1650081800,남촌도림동,126.71424,인천광역시 남동구 남촌도림동,2021-08-30,2305067
37.431522,1650081800,남촌도림동,126.71155,인천광역시 남동구 남촌도림동,2021-08-30,2305067
37.431522,1650081800,남촌도림동,126.71155,인천광역시 남동구 남촌도림동,2021-08-30,2305067
37.454052,1610242700,연안동,126.62565,인천광역시 중구 연안동,2021-08-30,2301052
37.45592,1610239000,연안동,126.62014,인천광역시 중구 연안동,2021-08-30,2301052
37.447998,1610021001,신흥동,126.62849,인천광역시 중구 신흥동,2021-08-30,2301054
37.400696,1640009800,동춘2동,126.66952,인천광역시 연수구 동춘2동,2021-08-30,2304058
37.437977,1630000600,학익1동,126.666664,인천광역시 미추홀구 학익1동,2021-08-30,2309060
37.406677,1640012400,동춘3동,126.67453,인천광역시 연수구 동춘3동,2021-08-30,2304059
37.43786,1650046102,남촌도림동,126.73225,인천광역시 남동구 남촌도림동,2021-08-30,2305067
37.405594,1640244200,동춘1동,126.65825,인천광역시 연수구 동춘1동,2021-08-30,2304057
37.368904,2240366302,배곧동,126.73262,경기도 시흥시 배곧동,2021-08-30,3115073
37.400467,1640009600,동춘2동,126.67543,인천광역시 연수구 동춘2동,2021-08-30,2304058
37.433483,1650004500,남촌도림동,126.72433,인천광역시 남동구 남촌도림동,2021-08-30,2305067
37.375248,1640095100,송도1동,126.636856,인천광역시 연수구 송도1동,2021-08-30,2304064
37.41297,1640246600,동춘1동,126.66351,인천광역시 연수구 동춘1동,2021-08-30,2304057
37.393803,1640248700,동춘2동,126.665405,인천광역시 연수구 동춘2동,2021-08-30,2304058
37.403435,1640322301,송도2동,126.62975,인천광역시 연수구 송도2동,2021-08-30,2304066
37.39626,1640087300,송도2동,126.63331,인천광역시 연수구 송도2동,2021-08-30,2304066
37.39626,1640087300,송도2동,126.63331,인천광역시 연수구 송도2동,2021-08-30,2304066
37.393326,1640090700,송도2동,126.63492,인천광역시 연수구 송도2동,2021-08-30,2304066
37.39901,1640008700,동춘2동,126.67395,인천광역시 연수구 동춘2동,2021-08-30,2304058
37.401775,1650028602,논현고잔동,126.68248,인천광역시 남동구 논현고잔동,2021-08-30,2305074
37.388466,1650000800,논현고잔동,126.71179,인천광역시 남동구 논현고잔동,2021-08-30,2305074
37.385944,1650222000,논현고잔동,126.71412,인천광역시 남동구 논현고잔동,2021-08-29,2305074
37.39609,1650026302,논현고잔동,126.69439,인천광역시 남동구 논현고잔동,2021-08-29,2305074
37.395576,1650026302,논현고잔동,126.695526,인천광역시 남동구 논현고잔동,2021-08-29,2305074
37.40868,1650032800,논현2동,126.70063,인천광역시 남동구 논현2동,2021-08-29,1123053
37.409725,1650034800,논현2동,126.7014,인천광역시 남동구 논현2동,2021-08-29,1123053
37.428146,1640050303,선학동,126.699036,인천광역시 연수구 선학동,2021-08-29,2304052
37.431187,1640050302,선학동,126.69875,인천광역시 연수구 선학동,2021-08-29,2304052
37.435684,1640001900,선학동,126.69919,인천광역시 연수구 선학동,2021-08-29,2304052
37.434967,1640320400,선학동,126.70395,인천광역시 연수구 선학동,2021-08-29,2304052
37.410835,1640014900,동춘1동,126.66817,인천광역시 연수구 동춘1동,2021-08-29,2304057
37.410908,1640014900,동춘1동,126.66806,인천광역시 연수구 동춘1동,2021-08-29,2304057
37.411083,1640015500,동춘1동,126.66604,인천광역시 연수구 동춘1동,2021-08-29,2304057
37.411083,1640015500,동춘1동,126.66604,인천광역시 연수구 동춘1동,2021-08-29,2304057
37.41774,1640023402,청학동,126.67343,인천광역시 연수구 청학동,2021-08-29,2304056
37.43166,1650081800,남촌도림동,126.71059,인천광역시 남동구 남촌도림동,2021-08-29,2305067
37.431683,1650016700,남촌도림동,126.708176,인천광역시 남동구 남촌도림동,2021-08-29,2305067
37.383797,1640147500,송도3동,126.65853,인천광역시 연수구 송도3동,2021-08-29,2304065
37.38045,1640144500,송도1동,126.6545,인천광역시 연수구 송도1동,2021-08-29,2304064
37.380474,1640144500,송도1동,126.65446,인천광역시 연수구 송도1동,2021-08-29,2304064
37.390472,1640096100,송도2동,126.63811,인천광역시 연수구 송도2동,2021-08-29,2304066
37.390118,1640102700,송도2동,126.63873,인천광역시 연수구 송도2동,2021-08-29,2304066
37.388573,1640116000,송도2동,126.64209,인천광역시 연수구 송도2동,2021-08-29,2304066
37.39807,1640141400,송도2동,126.65229,인천광역시 연수구 송도2동,2021-08-29,2304066
37.456596,1610025100,연안동,126.60682,인천광역시 중구 연안동,2021-08-29,2301052
37.407238,1640012600,동춘3동,126.67709,인천광역시 연수구 동춘3동,2021-08-29,2304059
37.425884,1640049404,옥련2동,126.65216,인천광역시 연수구 옥련2동,2021-08-29,2304060
37.396065,1640087300,송도2동,126.633224,인천광역시 연수구 송도2동,2021-08-29,2304066
37.396095,1640087300,송도2동,126.63322,인천광역시 연수구 송도2동,2021-08-29,2304066
37.40273,1640243800,동춘1동,126.65646,인천광역시 연수구 동춘1동,2021-08-29,2304057
37.406826,1640243400,동춘1동,126.65919,인천광역시 연수구 동춘1동,2021-08-29,2304057
37.41289,1640246800,동춘1동,126.6633,인천광역시 연수구 동춘1동,2021-08-29,2304057
37.418438,1640024400,청학동,126.66674,인천광역시 연수구 청학동,2021-08-29,2304056
37.42323,1640041200,선학동,126.70106,인천광역시 연수구 선학동,2021-08-29,2304052
37.421085,1640035900,연수3동,126.69687,인천광역시 연수구 연수3동,2021-08-29,2304055
37.421085,1640035900,연수3동,126.69687,인천광역시 연수구 연수3동,2021-08-29,2304055
37.4264,1640050204,선학동,126.69878,인천광역시 연수구 선학동,2021-08-29,2304052
37.420643,1640034000,선학동,126.69672,인천광역시 연수구 선학동,2021-08-29,2304052
37.419495,1640025800,선학동,126.69556,인천광역시 연수구 선학동,2021-08-29,2304052
37.418808,1640025500,연수3동,126.69237,인천광역시 연수구 연수3동,2021-08-29,2304055
37.418804,1640024100,연수3동,126.69213,인천광역시 연수구 연수3동,2021-08-29,2304055
37.41793,1640022500,연수3동,126.68306,인천광역시 연수구 연수3동,2021-08-29,2304055
37.42602,1640047400,청학동,126.667366,인천광역시 연수구 청학동,2021-08-29,2304056
37.432865,1640050201,선학동,126.69816,인천광역시 연수구 선학동,2021-08-29,2304052
37.443073,1650050200,구월3동,126.70517,인천광역시 남동구 구월3동,2021-08-29,2305053
37.4574,1650330700,간석2동,126.70855,인천광역시 남동구 간석2동,2021-08-29,2305056
37.478127,1660010400,부평3동,126.71026,인천광역시 부평구 부평3동,2021-08-29,2306053
37.480274,1660010400,부평3동,126.70987,인천광역시 부평구 부평3동,2021-08-29,2306053
37.486748,1660013000,부평3동,126.70781,인천광역시 부평구 부평3동,2021-08-29,2306053
37.5114,1660035600,청천2동,126.72066,인천광역시 부평구 청천2동,2021-08-29,2306062
37.45231,1630028100,용현2동,126.647934,인천광역시 미추홀구 용현2동,2021-08-29,2309056
37.485336,1660011103,부평3동,126.708115,인천광역시 부평구 부평3동,2021-08-29,2306053
37.47779,1650010901,간석3동,126.71026,인천광역시 남동구 간석3동,2021-08-29,2305057
37.47863,1650010901,간석3동,126.710556,인천광역시 남동구 간석3동,2021-08-29,2305057
37.44529,1630020400,주안3동,126.67377,인천광역시 미추홀구 주안3동,2021-08-29,2309067
37.44529,1630020400,주안3동,126.67377,인천광역시 미추홀구 주안3동,2021-08-29,2309067
37.452366,1650057302,구월1동,126.70807,인천광역시 남동구 구월1동,2021-08-29,2305051
37.44799,1630022702,주안8동,126.681404,인천광역시 미추홀구 주안8동,2021-08-29,2309072
37.44299,1650050100,구월3동,126.706085,인천광역시 남동구 구월3동,2021-08-29,2305053
37.44299,1650050100,구월3동,126.706085,인천광역시 남동구 구월3동,2021-08-29,2305053
37.443054,1630014302,관교동,126.70028,인천광역시 미추홀구 관교동,2021-08-29,2309073
37.465,1630043600,주안5동,126.68993,인천광역시 미추홀구 주안5동,2021-08-29,2309069
37.474987,1660000401,십정1동,126.68907,인천광역시 부평구 십정1동,2021-08-29,2306070
37.474987,1660000401,십정1동,126.68907,인천광역시 부평구 십정1동,2021-08-29,2306070
37.44007,1630013901,관교동,126.69386,인천광역시 미추홀구 관교동,2021-08-29,2309073
37.476017,1660000401,십정1동,126.68767,인천광역시 부평구 십정1동,2021-08-29,2306070
37.481213,1680000303,가좌4동,126.68081,인천광역시 서구 가좌4동,2021-08-29,2308065
37.48126,1680000303,가좌4동,126.68074,인천광역시 서구 가좌4동,2021-08-29,2308065
37.484753,1680022501,가좌1동,126.66886,인천광역시 서구 가좌1동,2021-08-29,2308062
37.443165,1650050200,구월3동,126.70414,인천광역시 남동구 구월3동,2021-08-29,2305053
37.462276,1650066900,간석1동,126.70815,인천광역시 남동구 간석1동,2021-08-29,2305055
37.48678,1660013000,산곡3동,126.7078,인천광역시 부평구 산곡3동,2021-08-29,2306059
37.48565,1680022201,가좌4동,126.68025,인천광역시 서구 가좌4동,2021-08-29,2308065
37.483444,1680000402,가좌4동,126.68018,인천광역시 서구 가좌4동,2021-08-29,2308065
37.476395,1680493600,가좌4동,126.68749,인천광역시 서구 가좌4동,2021-08-29,2308065
37.474884,1660000301,십정1동,126.68952,인천광역시 부평구 십정1동,2021-08-29,2306070
37.474712,1660000301,십정1동,126.68976,인천광역시 부평구 십정1동,2021-08-29,2306070
37.473118,1660000202,십정1동,126.69192,인천광역시 부평구 십정1동,2021-08-29,2306070
37.472416,1660000202,십정1동,126.6929,인천광역시 부평구 십정1동,2021-08-29,2306070
37.472027,1660000202,십정1동,126.69341,인천광역시 부평구 십정1동,2021-08-29,2306070
37.472027,1660000202,십정1동,126.69341,인천광역시 부평구 십정1동,2021-08-29,2306070
37.469788,1660000201,십정2동,126.69685,인천광역시 부평구 십정2동,2021-08-29,2306071
37.469788,1660000201,십정2동,126.69685,인천광역시 부평구 십정2동,2021-08-29,2306071
37.530308,1670011800,작전1동,126.73163,인천광역시 계양구 작전1동,2021-08-29,2307056
37.490322,1680003000,가좌3동,126.67533,인천광역시 서구 가좌3동,2021-08-29,2308064
37.463608,1630171301,도화1동,126.67321,인천광역시 미추홀구 도화1동,2021-08-29,2309062
37.463455,1630171301,도화1동,126.67313,인천광역시 미추홀구 도화1동,2021-08-29,2309062
37.455673,1630172801,주안4동,126.680046,인천광역시 미추홀구 주안4동,2021-08-29,2309068
37.481277,1620004902,송현3동,126.639626,인천광역시 동구 송현3동,2021-08-29,2302057
37.48571,1620001900,화수2동,126.63047,인천광역시 동구 화수2동,2021-08-29,2302053
37.48331,1620004301,만석동,126.61849,인천광역시 동구 만석동,2021-08-29,2302051
37.477535,1610029600,개항동,126.61659,인천광역시 중구 개항동,2021-08-29,2301060
37.473,1610029800,신포동,126.61681,인천광역시 중구 신포동,2021-08-29,2301053
37.426132,1640049000,선학동,126.69901,인천광역시 연수구 선학동,2021-08-29,2304052
37.423386,1640324901,연수3동,126.68878,인천광역시 연수구 연수3동,2021-08-29,2304055
37.462914,1610309100,신흥동,126.63702,인천광역시 중구 신흥동,2021-08-29,2301054
37.457558,1610025601,신흥동,126.633896,인천광역시 중구 신흥동,2021-08-29,2301054
37.461666,1630170101,도화1동,126.67179,인천광역시 미추홀구 도화1동,2021-08-29,2309062
37.419704,1640025800,선학동,126.69575,인천광역시 연수구 선학동,2021-08-29,2304052
37.525513,1670001200,작전2동,126.723045,인천광역시 계양구 작전2동,2021-08-29,2307057
37.418625,1640027900,연수1동,126.681305,인천광역시 연수구 연수1동,2021-08-29,2304053
37.531998,1670014103,작전서운동,126.7382,인천광역시 계양구 작전서운동,2021-08-29,2307058
37.550583,1670225501,계양2동,126.743095,인천광역시 계양구 계양2동,2021-08-29,2307061
37.55645,1670030808,계양1동,126.744934,인천광역시 계양구 계양1동,2021-08-29,2307063
37.563023,1670032005,계양1동,126.74244,인천광역시 계양구 계양1동,2021-08-29,2307063
37.572807,1670224401,계양3동,126.74291,인천광역시 계양구 계양3동,2021-08-29,2307064
37.5733,1670224501,계양3동,126.75551,인천광역시 계양구 계양3동,2021-08-29,2307064
37.580723,1670224401,계양3동,126.76984,인천광역시 계양구 계양3동,2021-08-29,2307064
37.584827,1670224501,계양3동,126.77516,인천광역시 계양구 계양3동,2021-08-29,2307064
37.590263,2320515200,고촌읍,126.7928,경기도 김포시 고촌읍,2021-08-29,3123012
37.592957,2320001802,고촌읍,126.782745,경기도 김포시 고촌읍,2021-08-29,3123012
37.55834,1670004100,계양3동,126.7521,인천광역시 계양구 계양3동,2021-08-29,2307064
37.444794,1650011701,구월3동,126.70048,인천광역시 남동구 구월3동,2021-08-29,2305053
37.440166,1630014302,관교동,126.69989,인천광역시 미추홀구 관교동,2021-08-29,2309073
37.440166,1630014302,관교동,126.69989,인천광역시 미추홀구 관교동,2021-08-29,2309073
37.44271,1630017304,학익1동,126.657616,인천광역시 미추홀구 학익1동,2021-08-29,2309060
37.43623,1630166900,학익1동,126.64851,인천광역시 미추홀구 학익1동,2021-08-29,2309060
37.435867,1630011701,학익1동,126.64785,인천광역시 미추홀구 학익1동,2021-08-29,2309060
37.427944,1640052000,옥련1동,126.6563,인천광역시 연수구 옥련1동,2021-08-29,2304051
37.419987,1640025800,연수3동,126.695915,인천광역시 연수구 연수3동,2021-08-29,2304055
37.420956,1640034100,연수3동,126.69687,인천광역시 연수구 연수3동,2021-08-29,2304055
37.455353,1630028100,용현2동,126.6494,인천광역시 미추홀구 용현2동,2021-08-29,2309056
37.464573,1630044600,숭의2동,126.64873,인천광역시 미추홀구 숭의2동,2021-08-29,2309052
37.470943,1650010800,간석3동,126.70801,인천광역시 남동구 간석3동,2021-08-29,2305057
37.484234,1660001301,일신동,126.74933,인천광역시 부평구 일신동,2021-08-29,2306069
37.433456,1650004500,남촌도림동,126.724365,인천광역시 남동구 남촌도림동,2021-08-29,2305067
37.43354,1650004500,남촌도림동,126.723145,인천광역시 남동구 남촌도림동,2021-08-29,2305067
37.427597,1650094400,남촌도림동,126.71016,인천광역시 남동구 남촌도림동,2021-08-29,2305067
37.423107,1640040500,선학동,126.69262,인천광역시 연수구 선학동,2021-08-28,2304052
37.42398,1640040702,연수1동,126.68524,인천광역시 연수구 연수1동,2021-08-28,2304053
37.427586,1640050204,선학동,126.698814,인천광역시 연수구 선학동,2021-08-28,2304052
37.481495,1620009800,송림4동,126.66268,인천광역시 동구 송림4동,2021-08-28,2302061
37.480156,1680021700,가좌4동,126.68894,인천광역시 서구 가좌4동,2021-08-28,2308065
37.440765,1630014601,관교동,126.69835,인천광역시 미추홀구 관교동,2021-08-28,2309073
37.45128,1650330900,구월3동,126.701385,인천광역시 남동구 구월3동,2021-08-28,2305053
37.44015,1630014302,관교동,126.69991,인천광역시 미추홀구 관교동,2021-08-28,2309073
37.417473,1640021900,연수2동,126.677864,인천광역시 연수구 연수2동,2021-08-28,2304054
37.404655,1640012000,동춘3동,126.677376,인천광역시 연수구 동춘3동,2021-08-28,2304059
37.43908,1630013902,관교동,126.694626,인천광역시 미추홀구 관교동,2021-08-28,2309073
37.427017,1640050500,청학동,126.66417,인천광역시 연수구 청학동,2021-08-28,2304056
37.423885,1640324601,연수1동,126.68712,인천광역시 연수구 연수1동,2021-08-28,2304053
37.429455,1640273300,선학동,126.69653,인천광역시 연수구 선학동,2021-08-28,2304052
37.440178,1630014302,관교동,126.69989,인천광역시 미추홀구 관교동,2021-08-28,2309073
37.422226,1640038000,청학동,126.668434,인천광역시 연수구 청학동,2021-08-28,2304056
37.42384,1640324601,연수1동,126.68712,인천광역시 연수구 연수1동,2021-08-28,2304053
37.40177,1650028602,논현고잔동,126.68261,인천광역시 남동구 논현고잔동,2021-08-27,2305074
37.42099,1640034100,연수3동,126.69688,인천광역시 연수구 연수3동,2021-08-27,2304055
37.39858,1640244700,동춘1동,126.65843,인천광역시 연수구 동춘1동,2021-08-27,2304057
37.433968,1650047500,남촌도림동,126.70759,인천광역시 남동구 남촌도림동,2021-08-27,2305067
37.36514,2240083701,정왕4동,126.738686,경기도 시흥시 정왕4동,2021-08-27,3115072
37.438595,1630013002,문학동,126.68303,인천광역시 미추홀구 문학동,2021-08-27,2309074
37.438602,1630013002,문학동,126.683075,인천광역시 미추홀구 문학동,2021-08-27,2309074
37.355278,2240129100,정왕3동,126.723045,경기도 시흥시 정왕3동,2021-08-27,3115062
37.43929,1630014900,문학동,126.67909,인천광역시 미추홀구 문학동,2021-08-27,2309074
37.32912,2170039700,원곡동,126.787285,경기도 안산시 단원구 원곡동,2021-08-27,3109276
37.44908,1630022801,주안8동,126.687256,인천광역시 미추홀구 주안8동,2021-08-27,2309072
37.45086,1630025700,주안8동,126.68687,인천광역시 미추홀구 주안8동,2021-08-27,2309072
37.32727,2170015600,원곡동,126.79048,경기도 안산시 단원구 원곡동,2021-08-27,3109276
37.450806,1630025700,주안4동,126.68966,인천광역시 미추홀구 주안4동,2021-08-27,2309068
37.350643,2170017800,선부2동,126.80046,경기도 안산시 단원구 선부2동,2021-08-27,3109269
37.34736,2170017000,선부2동,126.79949,경기도 안산시 단원구 선부2동,2021-08-27,3109269
37.34667,2170016800,선부2동,126.79709,경기도 안산시 단원구 선부2동,2021-08-27,3109269
37.35312,2170390900,선부2동,126.79508,경기도 안산시 단원구 선부2동,2021-08-27,3109269
37.35306,2170390900,선부2동,126.79529,경기도 안산시 단원구 선부2동,2021-08-27,3109269
37.371593,2240157800,월곶동,126.76695,경기도 시흥시 월곶동,2021-08-27,3115069
37.38415,2240146700,월곶동,126.75945,경기도 시흥시 월곶동,2021-08-27,3115069
37.384293,2240146700,월곶동,126.759155,경기도 시흥시 월곶동,2021-08-27,3115069
37.382362,1650094500,논현고잔동,126.712944,인천광역시 남동구 논현고잔동,2021-08-27,2305074
37.38784,1640311900,송도3동,126.68066,인천광역시 연수구 송도3동,2021-08-27,2304065
37.40035,1640009500,동춘2동,126.67561,인천광역시 연수구 동춘2동,2021-08-27,2304058
37.397907,1640008400,동춘2동,126.672516,인천광역시 연수구 동춘2동,2021-08-27,2304058
37.42943,1640052800,옥련2동,126.651024,인천광역시 연수구 옥련2동,2021-08-27,2304060
37.426083,1640049200,옥련2동,126.6448,인천광역시 연수구 옥련2동,2021-08-27,2304060
37.42217,1650044500,남촌도림동,126.713165,인천광역시 남동구 남촌도림동,2021-08-27,2305067
37.420803,1640033300,연수1동,126.68274,인천광역시 연수구 연수1동,2021-08-27,2304053
37.42586,1640049200,옥련2동,126.64474,인천광역시 연수구 옥련2동,2021-08-27,2304060
37.58982,1680056801,원당동,126.698044,인천광역시 서구 원당동,2021-08-27,2308087
37.444168,1630052500,학익1동,126.65033,인천광역시 미추홀구 학익1동,2021-08-27,2309060
37.5863,2320001002,고촌읍,126.78966,경기도 김포시 고촌읍,2021-08-27,3123012
37.4618,1650013200,간석4동,126.69821,인천광역시 남동구 간석4동,2021-08-27,2305058
37.474255,1660000401,십정1동,126.689255,인천광역시 부평구 십정1동,2021-08-27,2306070
37.51408,1660043800,청천1동,126.70398,인천광역시 부평구 청천1동,2021-08-27,2306061
37.514664,1660043900,청천1동,126.70405,인천광역시 부평구 청천1동,2021-08-27,2306061
37.538586,1680005922,연희동,126.67652,인천광역시 서구 연희동,2021-08-27,1113076
37.53868,1680005922,연희동,126.67654,인천광역시 서구 연희동,2021-08-27,1113076
37.568596,1680051105,검암경서동,126.66427,인천광역시 서구 검암경서동,2021-08-27,2308051
37.518085,1680016100,가정3동,126.6779,인천광역시 서구 가정3동,2021-08-27,2308056
37.44977,1650280102,구월1동,126.708015,인천광역시 남동구 구월1동,2021-08-27,2305051
37.433544,1650046101,남촌도림동,126.73239,인천광역시 남동구 남촌도림동,2021-08-27,2305067
37.421436,1650043000,남촌도림동,126.737305,인천광역시 남동구 남촌도림동,2021-08-27,2305067
37.399403,1650233500,논현1동,126.74024,인천광역시 남동구 논현1동,2021-08-27,1123052
37.404926,1650081200,논현2동,126.71061,인천광역시 남동구 논현2동,2021-08-27,1123053
37.4077,1650033100,논현2동,126.70435,인천광역시 남동구 논현2동,2021-08-27,1123053
37.443012,1630019100,관교동,126.691475,인천광역시 미추홀구 관교동,2021-08-26,2309073
37.45089,1630025700,주안8동,126.68641,인천광역시 미추홀구 주안8동,2021-08-26,2309072
37.424057,1640043800,청학동,126.669075,인천광역시 연수구 청학동,2021-08-26,2304056
37.387985,1640114400,송도1동,126.64234,인천광역시 연수구 송도1동,2021-08-26,2304064
37.39066,1640141200,송도1동,126.651695,인천광역시 연수구 송도1동,2021-08-26,2304064
37.425125,1640045301,옥련2동,126.64708,인천광역시 연수구 옥련2동,2021-08-26,2304060
37.449463,2240113802,대야동,126.78968,경기도 시흥시 대야동,2021-08-26,3115051
37.41209,1650034700,논현2동,126.70329,인천광역시 남동구 논현2동,2021-08-26,1123053
37.427628,1640050204,선학동,126.698845,인천광역시 연수구 선학동,2021-08-26,2304052
37.42762,1640050204,선학동,126.698845,인천광역시 연수구 선학동,2021-08-26,2304052
37.45219,1650059000,구월4동,126.72,인천광역시 남동구 구월4동,2021-08-26,2305054
37.54373,1670029500,계산2동,126.71935,인천광역시 계양구 계산2동,2021-08-26,2307054
37.543728,1670029500,계산2동,126.719376,인천광역시 계양구 계산2동,2021-08-26,2307054
37.543728,1670029500,계산2동,126.719406,인천광역시 계양구 계산2동,2021-08-26,2307054
37.502357,1663176000,산곡2동,126.70329,인천광역시 부평구 산곡2동,2021-08-26,2306058
37.52361,1180026903,양평1동,126.88177,서울특별시 영등포구 양평1동,2021-08-26,1119061
37.522266,1180024302,양평1동,126.890366,서울특별시 영등포구 양평1동,2021-08-26,1119061
37.51031,1680038400,석남1동,126.6725,인천광역시 서구 석남1동,2021-08-26,2308058
37.48733,1660001501,부평6동,126.73017,인천광역시 부평구 부평6동,2021-08-26,2306056
37.42294,1640040400,연수3동,126.69242,인천광역시 연수구 연수3동,2021-08-26,2304055
37.466713,2130015202,광명7동,126.84745,경기도 광명시 광명7동,2021-08-26,3106057
37.460377,2130015206,광명7동,126.845375,경기도 광명시 광명7동,2021-08-26,3106057
37.40433,1640322901,송도2동,126.63056,인천광역시 연수구 송도2동,2021-08-26,2304066
37.458584,1630036100,주안2동,126.67822,인천광역시 미추홀구 주안2동,2021-08-26,2309066
37.37015,1640297100,송도3동,126.645676,인천광역시 연수구 송도3동,2021-08-26,2304065
37.457035,1630170101,주안2동,126.66764,인천광역시 미추홀구 주안2동,2021-08-26,2309066
37.451977,1630024700,용현1.4동,126.66742,인천광역시 미추홀구 용현1.4동,2021-08-26,2309076
37.451237,1630024700,용현1.4동,126.66729,인천광역시 미추홀구 용현1.4동,2021-08-26,2309076
37.43869,1630013400,학익2동,126.674805,인천광역시 미추홀구 학익2동,2021-08-26,2309061
37.377678,1640300600,송도3동,126.65664,인천광역시 연수구 송도3동,2021-08-26,2304065
37.441437,1630016500,학익2동,126.66793,인천광역시 미추홀구 학익2동,2021-08-26,2309061
37.38062,1640144300,송도1동,126.654076,인천광역시 연수구 송도1동,2021-08-26,2304064
37.43611,1630166900,학익1동,126.648285,인천광역시 미추홀구 학익1동,2021-08-26,2309060
37.435894,1630011701,학익1동,126.64785,인천광역시 미추홀구 학익1동,2021-08-26,2309060
37.423996,1640043900,청학동,126.6687,인천광역시 연수구 청학동,2021-08-26,2304056
37.39356,1640138700,송도1동,126.650505,인천광역시 연수구 송도1동,2021-08-26,2304064
37.447983,1630022702,주안8동,126.681854,인천광역시 미추홀구 주안8동,2021-08-26,2309072
37.44835,1630022801,주안8동,126.6898,인천광역시 미추홀구 주안8동,2021-08-26,2309072
37.44954,1630023300,주안8동,126.68981,인천광역시 미추홀구 주안8동,2021-08-26,2309072
37.40331,1640243800,동춘1동,126.65671,인천광역시 연수구 동춘1동,2021-08-26,2304057
37.45092,1630025700,주안8동,126.686264,인천광역시 미추홀구 주안8동,2021-08-26,2309072
37.444553,1630021100,주안7동,126.679214,인천광역시 미추홀구 주안7동,2021-08-26,2309071
37.419533,1640025800,선학동,126.695564,인천광역시 연수구 선학동,2021-08-26,2304052
37.417236,1640023600,선학동,126.69524,인천광역시 연수구 선학동,2021-08-26,2304052
37.485355,1680022201,가좌4동,126.68199,인천광역시 서구 가좌4동,2021-08-26,2308065
37.47767,1630006100,도화2·3동,126.66861,인천광역시 미추홀구 도화2·3동,2021-08-26,2309077
37.479946,1630006700,도화2·3동,126.65487,인천광역시 미추홀구 도화2·3동,2021-08-26,2309077
37.47519,1620003500,송림3·5동,126.64818,인천광역시 동구 송림3·5동,2021-08-26,2302060
37.444977,1630011801,학익1동,126.65056,인천광역시 미추홀구 학익1동,2021-08-26,2309060
37.437546,1630011701,학익1동,126.64829,인천광역시 미추홀구 학익1동,2021-08-26,2309060
37.433575,1640001500,옥련2동,126.64712,인천광역시 연수구 옥련2동,2021-08-26,2304060
37.444073,1630020000,학익1동,126.66507,인천광역시 미추홀구 학익1동,2021-08-26,2309060
37.448208,1630022201,용현1.4동,126.66773,인천광역시 미추홀구 용현1.4동,2021-08-26,2309076
37.45378,1630027400,주안4동,126.680885,인천광역시 미추홀구 주안4동,2021-08-26,2309068
37.46579,1650014200,간석4동,126.69123,인천광역시 남동구 간석4동,2021-08-26,2305058
37.465786,1650014200,주안5동,126.69126,인천광역시 미추홀구 주안5동,2021-08-26,2309069
37.468887,1650081500,간석4동,126.6955,인천광역시 남동구 간석4동,2021-08-26,2305058
37.470806,1660000102,십정2동,126.69486,인천광역시 부평구 십정2동,2021-08-26,2306071
37.46951,1660000201,십정2동,126.697464,인천광역시 부평구 십정2동,2021-08-26,2306071
37.43353,1650046101,남촌도림동,126.73237,인천광역시 남동구 남촌도림동,2021-08-26,2305067
37.435543,1650046101,남촌도림동,126.73233,인천광역시 남동구 남촌도림동,2021-08-26,2305067
37.423332,1650042900,남촌도림동,126.73692,인천광역시 남동구 남촌도림동,2021-08-26,2305067
37.414486,1650030901,논현1동,126.738464,인천광역시 남동구 논현1동,2021-08-26,1123052
37.360626,2240083000,정왕본동,126.735794,경기도 시흥시 정왕본동,2021-08-26,3115064
37.351437,2240076001,정왕2동,126.73248,경기도 시흥시 정왕2동,2021-08-26,3115061
37.348873,2240070801,정왕2동,126.73002,경기도 시흥시 정왕2동,2021-08-26,3115061
37.347107,2240070902,정왕2동,126.728096,경기도 시흥시 정왕2동,2021-08-26,3115061
37.354977,2240694000,정왕3동,126.71922,경기도 시흥시 정왕3동,2021-08-26,3115062
37.37149,2240009121,정왕본동,126.73771,경기도 시흥시 정왕본동,2021-08-26,3115064
37.378082,2240146200,배곧동,126.73364,경기도 시흥시 배곧동,2021-08-26,3115073
37.39594,2240012600,월곶동,126.743225,경기도 시흥시 월곶동,2021-08-26,3115069
37.39936,1650350900,논현1동,126.74154,인천광역시 남동구 논현1동,2021-08-26,1123052
37.400482,1650350900,논현1동,126.741165,인천광역시 남동구 논현1동,2021-08-26,1123052
37.400482,1650350900,논현1동,126.741165,인천광역시 남동구 논현1동,2021-08-26,1123052
37.443974,1650017200,만수6동,126.74343,인천광역시 남동구 만수6동,2021-08-26,2305064
37.46849,1660000102,십정2동,126.699524,인천광역시 부평구 십정2동,2021-08-26,2306071
37.471703,1660000101,십정1동,126.69362,인천광역시 부평구 십정1동,2021-08-26,2306070
37.473896,1660000301,십정1동,126.690704,인천광역시 부평구 십정1동,2021-08-26,2306070
37.47386,1660000301,십정1동,126.69076,인천광역시 부평구 십정1동,2021-08-26,2306070
37.474693,1660000401,십정1동,126.6896,인천광역시 부평구 십정1동,2021-08-26,2306070
37.475082,1660000301,십정1동,126.68909,인천광역시 부평구 십정1동,2021-08-26,2306070
37.483833,1680001000,가좌3동,126.67718,인천광역시 서구 가좌3동,2021-08-26,2308064
37.53996,1680136100,연희동,126.669785,인천광역시 서구 연희동,2021-08-26,1113076
37.54024,1680134600,연희동,126.66515,인천광역시 서구 연희동,2021-08-26,1113076
37.519867,1680034603,신현원창동,126.66256,인천광역시 서구 신현원창동,2021-08-26,2308073
37.522537,1680229300,청라2동,126.63439,인천광역시 서구 청라2동,2021-08-26,2308078
37.48914,1680024800,가좌1동,126.67131,인천광역시 서구 가좌1동,2021-08-26,2308062
37.488026,1680002900,가좌1동,126.67506,인천광역시 서구 가좌1동,2021-08-26,2308062
37.538517,1680006013,연희동,126.67654,인천광역시 서구 연희동,2021-08-26,1113076
37.538593,1680005922,연희동,126.67652,인천광역시 서구 연희동,2021-08-26,1113076
37.547844,1680050103,검암경서동,126.64314,인천광역시 서구 검암경서동,2021-08-26,2308051
37.54732,1680047500,검암경서동,126.64354,인천광역시 서구 검암경서동,2021-08-26,2308051
37.562973,1680054101,오류왕길동,126.63579,인천광역시 서구 오류왕길동,2021-08-26,2308084
37.563774,1680229000,오류왕길동,126.63486,인천광역시 서구 오류왕길동,2021-08-26,2308084
37.56307,1680229100,오류왕길동,126.6321,인천광역시 서구 오류왕길동,2021-08-26,2308084
37.584435,1680215900,오류왕길동,126.578255,인천광역시 서구 오류왕길동,2021-08-26,2308084
37.58741,1680215800,오류왕길동,126.57603,인천광역시 서구 오류왕길동,2021-08-26,2308084
37.5932,2320554601,양촌읍,126.57014,경기도 김포시 양촌읍,2021-08-26,3123013
37.5932,2320554601,양촌읍,126.57014,경기도 김포시 양촌읍,2021-08-26,3123013
37.606285,2320554901,대곶면,126.55941,경기도 김포시 대곶면,2021-08-26,3123034
37.606445,2320554901,대곶면,126.55928,경기도 김포시 대곶면,2021-08-26,3123034
37.607647,2320554901,대곶면,126.55826,경기도 김포시 대곶면,2021-08-26,3123034
37.607944,2320554901,대곶면,126.55799,경기도 김포시 대곶면,2021-08-26,3123034
37.609993,2320554801,대곶면,126.55618,경기도 김포시 대곶면,2021-08-26,3123034
37.609993,2320554801,대곶면,126.55618,경기도 김포시 대곶면,2021-08-26,3123034
37.639114,2320036300,대곶면,126.551735,경기도 김포시 대곶면,2021-08-26,3123034
37.636177,2320009601,대곶면,126.546524,경기도 김포시 대곶면,2021-08-26,3123034
37.635696,2320009601,대곶면,126.54572,경기도 김포시 대곶면,2021-08-26,3123034
37.635696,2320009601,대곶면,126.54572,경기도 김포시 대곶면,2021-08-26,3123034
37.634903,1690001003,길상면,126.529945,인천광역시 강화군 길상면,2021-08-26,2331033
37.634876,1690009201,길상면,126.52991,인천광역시 강화군 길상면,2021-08-26,2331033
37.62955,1690009203,길상면,126.522835,인천광역시 강화군 길상면,2021-08-26,2331033
37.629745,1690009203,길상면,126.52123,인천광역시 강화군 길상면,2021-08-26,2331033
37.628857,1690000901,길상면,126.53202,인천광역시 강화군 길상면,2021-08-26,2331033
37.62158,2320030602,대곶면,126.554054,경기도 김포시 대곶면,2021-08-26,3123034
37.58719,1680215800,오류왕길동,126.57619,인천광역시 서구 오류왕길동,2021-08-26,2308084
37.585438,1680215900,오류왕길동,126.57757,인천광역시 서구 오류왕길동,2021-08-26,2308084
37.585163,1680215900,오류왕길동,126.577774,인천광역시 서구 오류왕길동,2021-08-26,2308084
37.56714,1680217500,오류왕길동,126.59984,인천광역시 서구 오류왕길동,2021-08-26,2308084
37.518017,1680043701,신현원창동,126.660126,인천광역시 서구 신현원창동,2021-08-26,2308073
37.51794,1680043701,신현원창동,126.663445,인천광역시 서구 신현원창동,2021-08-26,2308073
37.5159,1680040100,신현원창동,126.672165,인천광역시 서구 신현원창동,2021-08-25,2308073
37.5159,1680040100,신현원창동,126.672165,인천광역시 서구 신현원창동,2021-08-25,2308073
37.51595,1680040100,신현원창동,126.672165,인천광역시 서구 신현원창동,2021-08-25,2308073
37.522408,1680016900,가정1동,126.67531,인천광역시 서구 가정1동,2021-08-25,2308054
37.402084,1650029700,논현고잔동,126.68191,인천광역시 남동구 논현고잔동,2021-08-25,2305074
37.38718,1650023800,논현고잔동,126.69117,인천광역시 남동구 논현고잔동,2021-08-25,2305074
37.473965,1620007200,송림3·5동,126.64552,인천광역시 동구 송림3·5동,2021-08-25,2302060
37.395115,1650025402,논현고잔동,126.67555,인천광역시 남동구 논현고잔동,2021-08-25,2305074
37.3962,1650027000,논현고잔동,126.67405,인천광역시 남동구 논현고잔동,2021-08-25,2305074
37.41033,1640015800,연수2동,126.685646,인천광역시 연수구 연수2동,2021-08-25,2304054
37.4044,1640012100,동춘3동,126.68003,인천광역시 연수구 동춘3동,2021-08-25,2304059
37.450737,1650012200,주안4동,126.69105,인천광역시 미추홀구 주안4동,2021-08-25,2309068
37.399868,1650027000,논현고잔동,126.67816,인천광역시 남동구 논현고잔동,2021-08-25,2305074
37.40027,1650027000,논현고잔동,126.67861,인천광역시 남동구 논현고잔동,2021-08-25,2305074
37.41136,1640016105,동춘3동,126.67779,인천광역시 연수구 동춘3동,2021-08-25,2304059
37.442772,1630014302,관교동,126.70019,인천광역시 미추홀구 관교동,2021-08-25,2309073
37.442444,1630014302,관교동,126.70014,인천광역시 미추홀구 관교동,2021-08-25,2309073
37.440052,1630014302,관교동,126.699844,인천광역시 미추홀구 관교동,2021-08-25,2309073
37.438427,1630013100,문학동,126.69035,인천광역시 미추홀구 문학동,2021-08-25,2309074
37.438892,1630012901,문학동,126.68053,인천광역시 미추홀구 문학동,2021-08-25,2309074
37.418015,1640021900,청학동,126.67827,인천광역시 연수구 청학동,2021-08-25,2304056
37.426968,1640051200,청학동,126.661896,인천광역시 연수구 청학동,2021-08-25,2304056
37.40301,1640010800,동춘2동,126.670784,인천광역시 연수구 동춘2동,2021-08-25,2304058
37.43974,1630167400,관교동,126.70236,인천광역시 미추홀구 관교동,2021-08-25,2309073
37.441227,1630167400,관교동,126.70254,인천광역시 미추홀구 관교동,2021-08-25,2309073
37.41237,1640017200,연수2동,126.68777,인천광역시 연수구 연수2동,2021-08-25,2304054
37.412437,1640017200,연수2동,126.68786,인천광역시 연수구 연수2동,2021-08-25,2304054
37.412933,1640019200,연수2동,126.68838,인천광역시 연수구 연수2동,2021-08-25,2304054
37.42578,1640072002,연수1동,126.68075,인천광역시 연수구 연수1동,2021-08-25,2304053
37.419388,1640030400,연수1동,126.678444,인천광역시 연수구 연수1동,2021-08-25,2304053
37.420822,1650039801,남촌도림동,126.73138,인천광역시 남동구 남촌도림동,2021-08-25,2305067
37.42504,1640047100,연수1동,126.67274,인천광역시 연수구 연수1동,2021-08-25,2304053
37.421234,1650043502,남촌도림동,126.730865,인천광역시 남동구 남촌도림동,2021-08-25,2305067
37.421658,1650043501,남촌도림동,126.72331,인천광역시 남동구 남촌도림동,2021-08-25,2305067
37.418488,1640024100,연수3동,126.69187,인천광역시 연수구 연수3동,2021-08-25,2304055
37.418472,1640024100,연수3동,126.69185,인천광역시 연수구 연수3동,2021-08-25,2304055
37.417038,1640276800,청학동,126.67489,인천광역시 연수구 청학동,2021-08-25,2304056
37.427505,1640050204,선학동,126.69887,인천광역시 연수구 선학동,2021-08-25,2304052
37.427612,1640050204,선학동,126.69885,인천광역시 연수구 선학동,2021-08-25,2304052
37.42264,1650045000,남촌도림동,126.70603,인천광역시 남동구 남촌도림동,2021-08-25,2305067
37.594093,1680079400,원당동,126.69472,인천광역시 서구 원당동,2021-08-25,2308087
37.4139,1650037002,남촌도림동,126.7013,인천광역시 남동구 남촌도림동,2021-08-25,2305067
37.440247,1650278200,구월3동,126.70625,인천광역시 남동구 구월3동,2021-08-25,2305053
37.43079,1650045503,남촌도림동,126.71854,인천광역시 남동구 남촌도림동,2021-08-25,2305067
37.39941,1650027900,논현고잔동,126.7078,인천광역시 남동구 논현고잔동,2021-08-25,2305074
37.390575,1650223600,논현고잔동,126.72084,인천광역시 남동구 논현고잔동,2021-08-25,2305074
37.417492,1650037600,남촌도림동,126.72311,인천광역시 남동구 남촌도림동,2021-08-25,2305067
37.440193,1630014302,관교동,126.69987,인천광역시 미추홀구 관교동,2021-08-25,2309073
37.422028,1650044500,남촌도림동,126.71451,인천광역시 남동구 남촌도림동,2021-08-25,2305067
37.440044,1630016100,학익1동,126.66554,인천광역시 미추홀구 학익1동,2021-08-25,2309060
37.39391,1640145400,송도1동,126.65435,인천광역시 연수구 송도1동,2021-08-23,2304064
37.393337,1640133900,송도1동,126.64772,인천광역시 연수구 송도1동,2021-08-23,2304064
37.503788,1660027000,부평5동,126.73107,인천광역시 부평구 부평5동,2021-08-23,2306055
37.497486,1660021600,부평5동,126.73046,인천광역시 부평구 부평5동,2021-08-23,2306055
37.446842,1650017500,장수서창동,126.75141,인천광역시 남동구 장수서창동,2021-08-23,2305075
37.441284,1630167400,관교동,126.70257,인천광역시 미추홀구 관교동,2021-08-23,2309073
37.420784,1640034000,선학동,126.69689,인천광역시 연수구 선학동,2021-08-22,2304052
37.415592,1640019100,연수2동,126.69146,인천광역시 연수구 연수2동,2021-08-22,2304054
37.41397,1640019100,연수2동,126.689735,인천광역시 연수구 연수2동,2021-08-22,2304054
37.402634,1640009700,동춘2동,126.66974,인천광역시 연수구 동춘2동,2021-08-22,2304058
37.396942,1640008200,동춘2동,126.67256,인천광역시 연수구 동춘2동,2021-08-22,2304058
37.39822,1650027100,논현고잔동,126.68973,인천광역시 남동구 논현고잔동,2021-08-22,2305074
37.423046,1640041100,선학동,126.70049,인천광역시 연수구 선학동,2021-08-22,2304052
37.423218,1640042400,연수3동,126.698044,인천광역시 연수구 연수3동,2021-08-22,2304055
37.386448,1650014900,논현고잔동,126.69091,인천광역시 남동구 논현고잔동,2021-08-22,2305074
37.447754,1630168200,주안8동,126.692,인천광역시 미추홀구 주안8동,2021-08-22,2309072
37.42299,1640039300,옥련1동,126.65311,인천광역시 연수구 옥련1동,2021-08-22,2304051
37.426,1640049403,옥련2동,126.651245,인천광역시 연수구 옥련2동,2021-08-22,2304060
37.426018,1640049403,옥련2동,126.65111,인천광역시 연수구 옥련2동,2021-08-22,2304060
37.45228,1650058201,구월3동,126.70141,인천광역시 남동구 구월3동,2021-08-22,2305053
37.426918,1640050303,선학동,126.69906,인천광역시 연수구 선학동,2021-08-22,2304052
37.420155,1640030000,연수3동,126.68998,인천광역시 연수구 연수3동,2021-08-22,2304055
37.418613,1640025600,연수3동,126.6929,인천광역시 연수구 연수3동,2021-08-22,2304055
37.64807,2180013902,흥도동,126.85473,경기도 고양시 덕양구 흥도동,2021-08-22,3110153
37.46374,1630042300,숭의1·3동,126.64383,인천광역시 미추홀구 숭의1·3동,2021-08-22,2309075
37.423832,1640324601,연수1동,126.687325,인천광역시 연수구 연수1동,2021-08-22,2304053
37.423832,1640324601,연수1동,126.687325,인천광역시 연수구 연수1동,2021-08-22,2304053
37.417595,1640021301,청학동,126.67446,인천광역시 연수구 청학동,2021-08-22,2304056
37.417595,1640021301,청학동,126.67446,인천광역시 연수구 청학동,2021-08-22,2304056
37.453842,1650060000,구월2동,126.71452,인천광역시 남동구 구월2동,2021-08-22,2305052
37.468723,1650010100,간석4동,126.70785,인천광역시 남동구 간석4동,2021-08-22,2305058
37.47231,1660007800,십정2동,126.703285,인천광역시 부평구 십정2동,2021-08-22,2306071
37.466152,1650021900,간석1동,126.707245,인천광역시 남동구 간석1동,2021-08-22,2305055
37.46483,1650069900,간석1동,126.704796,인천광역시 남동구 간석1동,2021-08-22,2305055
37.4171,1640278100,연수2동,126.67762,인천광역시 연수구 연수2동,2021-08-21,2304054
37.419575,1640025800,선학동,126.69563,인천광역시 연수구 선학동,2021-08-21,2304052
37.418125,1640025600,연수3동,126.69368,인천광역시 연수구 연수3동,2021-08-21,2304055
37.41844,1640025500,연수3동,126.693054,인천광역시 연수구 연수3동,2021-08-21,2304055
37.422813,1640040400,연수3동,126.6911,인천광역시 연수구 연수3동,2021-08-21,2304055
37.422993,1640324901,연수3동,126.689674,인천광역시 연수구 연수3동,2021-08-21,2304055
37.4569,1650064700,구월3동,126.708626,인천광역시 남동구 구월3동,2021-08-21,2305053
37.55468,1680087800,청라3동,126.62513,인천광역시 서구 청라3동,2021-08-21,2308079
37.49882,1680025602,가좌1동,126.66152,인천광역시 서구 가좌1동,2021-08-21,2308062
37.48308,1620010301,송림4동,126.65933,인천광역시 동구 송림4동,2021-08-21,2302061
37.47735,1630004900,도화2·3동,126.65397,인천광역시 미추홀구 도화2·3동,2021-08-21,2309077
37.467243,1630046500,도화2·3동,126.66599,인천광역시 미추홀구 도화2·3동,2021-08-21,2309077
37.470814,1630050600,주안5동,126.67721,인천광역시 미추홀구 주안5동,2021-08-21,2309069
37.518745,1680043500,신현원창동,126.66899,인천광역시 서구 신현원창동,2021-08-21,2308073
37.513786,1680040500,석남1동,126.664116,인천광역시 서구 석남1동,2021-08-21,2308058
37.537594,1680085301,청라1동,126.66036,인천광역시 서구 청라1동,2021-08-21,2308074
37.537636,1680284600,청라1동,126.66151,인천광역시 서구 청라1동,2021-08-21,2308074
37.525105,1670150500,효성2동,126.69446,인천광역시 계양구 효성2동,2021-08-21,2307052
37.52632,1670151100,효성2동,126.696785,인천광역시 계양구 효성2동,2021-08-21,2307052
37.530556,1670014902,작전2동,126.72022,인천광역시 계양구 작전2동,2021-08-21,2307057
37.542244,1670024500,계산1동,126.72015,인천광역시 계양구 계산1동,2021-08-21,2307053
37.547554,1670030700,계양2동,126.73751,인천광역시 계양구 계양2동,2021-08-21,2307061
37.569717,1670032013,계양1동,126.73967,인천광역시 계양구 계양1동,2021-08-21,2307063
37.553577,1670226301,계양1동,126.74509,인천광역시 계양구 계양1동,2021-08-21,2307063
37.54489,1670029500,계산2동,126.72102,인천광역시 계양구 계산2동,2021-08-21,2307054
37.529037,1670011200,작전1동,126.73033,인천광역시 계양구 작전1동,2021-08-21,2307056
37.530724,1670013900,작전서운동,126.7402,인천광역시 계양구 작전서운동,2021-08-21,2307058
37.532024,2420059401,오정동,126.77377,경기도 부천시 오정동,2021-08-21,2505051
37.58703,2320000803,고촌읍,126.792595,경기도 김포시 고촌읍,2021-08-21,3123012
37.587124,2320000803,고촌읍,126.79245,경기도 김포시 고촌읍,2021-08-21,3123012
37.43146,1650005400,서창2동,126.7395,인천광역시 남동구 서창2동,2021-08-21,2305076
37.43279,1650004100,서창2동,126.73801,인천광역시 남동구 서창2동,2021-08-21,2305076
37.43284,1650004100,남촌도림동,126.73603,인천광역시 남동구 남촌도림동,2021-08-21,2305067
37.433506,1650004500,남촌도림동,126.72434,인천광역시 남동구 남촌도림동,2021-08-21,2305067
37.43359,1650004500,남촌도림동,126.723,인천광역시 남동구 남촌도림동,2021-08-21,2305067
37.433792,1650004500,남촌도림동,126.71912,인천광역시 남동구 남촌도림동,2021-08-21,2305067
37.499203,1680032305,석남2동,126.65981,인천광역시 서구 석남2동,2021-08-21,2308059
37.44394,1630011702,학익1동,126.650276,인천광역시 미추홀구 학익1동,2021-08-21,2309060
37.44008,1630014302,관교동,126.699875,인천광역시 미추홀구 관교동,2021-08-20,2309073
37.576897,1680051105,검암경서동,126.66332,인천광역시 서구 검암경서동,2021-08-20,2308051
37.524593,1680268300,가정1동,126.66946,인천광역시 서구 가정1동,2021-08-20,2308054
37.51362,1680040500,석남1동,126.66817,인천광역시 서구 석남1동,2021-08-20,2308058
37.542812,1680046900,연희동,126.67254,인천광역시 서구 연희동,2021-08-20,1113076
37.552654,1680050902,검암경서동,126.65424,인천광역시 서구 검암경서동,2021-08-20,2308051
37.533653,1680425000,청라1동,126.65256,인천광역시 서구 청라1동,2021-08-20,2308074
37.536793,1680085401,청라1동,126.659706,인천광역시 서구 청라1동,2021-08-20,2308074
37.468563,1660000102,십정2동,126.69918,인천광역시 부평구 십정2동,2021-08-20,2306071
37.443153,1650050200,구월3동,126.7041,인천광역시 남동구 구월3동,2021-08-20,2305053
37.47893,2420073700,대산동,126.774994,경기도 부천시 대산동,2021-08-20,3105092
37.433872,1650005000,남촌도림동,126.717995,인천광역시 남동구 남촌도림동,2021-08-20,2305067
37.414597,1640318700,송도5동,126.62055,인천광역시 연수구 송도5동,2021-08-20,2304069
37.465176,1630043600,주안5동,126.68989,인천광역시 미추홀구 주안5동,2021-08-20,2309069
37.46788,1630048800,주안5동,126.67956,인천광역시 미추홀구 주안5동,2021-08-20,2309069
37.418903,1640029900,연수1동,126.67907,인천광역시 연수구 연수1동,2021-08-20,2304053
37.47783,1680494200,가좌4동,126.68593,인천광역시 서구 가좌4동,2021-08-20,2308065
37.418056,1640021900,연수2동,126.67834,인천광역시 연수구 연수2동,2021-08-20,2304054
37.44897,1630024000,용현1·4동,126.649956,인천광역시 미추홀구 용현1·4동,2021-08-20,2309076
37.404613,1640011900,동춘2동,126.677414,인천광역시 연수구 동춘2동,2021-08-20,2304058
37.39759,1640141100,송도1동,126.65213,인천광역시 연수구 송도1동,2021-08-20,2304064
37.433605,1640001500,옥련2동,126.647125,인천광역시 연수구 옥련2동,2021-08-20,2304060
37.428474,1640052301,옥련2동,126.65474,인천광역시 연수구 옥련2동,2021-08-20,2304060
37.40984,1640014400,연수2동,126.68488,인천광역시 연수구 연수2동,2021-08-20,2304054
37.41833,1640027300,옥련1동,126.64986,인천광역시 연수구 옥련1동,2021-08-20,2304051
37.42194,1640037100,옥련1동,126.65277,인천광역시 연수구 옥련1동,2021-08-20,2304051
37.441296,1630167400,관교동,126.70257,인천광역시 미추홀구 관교동,2021-08-20,2309073
37.441204,1630167400,관교동,126.70255,인천광역시 미추홀구 관교동,2021-08-20,2309073
37.4413,1630167400,관교동,126.702576,인천광역시 미추홀구 관교동,2021-08-20,2309073
37.45291,1650058201,구월3동,126.701515,인천광역시 남동구 구월3동,2021-08-20,2305053
37.382744,1640147300,송도1동,126.65722,인천광역시 연수구 송도1동,2021-08-20,2304064
37.40329,1640243800,동춘1동,126.65671,인천광역시 연수구 동춘1동,2021-08-20,2304057
37.40329,1640243800,동춘1동,126.65671,인천광역시 연수구 동춘1동,2021-08-20,2304057
37.454853,1630032500,용현3동,126.65284,인천광역시 미추홀구 용현3동,2021-08-20,2309057
37.46187,1630009900,도화1동,126.67183,인천광역시 미추홀구 도화1동,2021-08-20,2309062
37.447342,1630020101,학익1동,126.65306,인천광역시 미추홀구 학익1동,2021-08-20,2309060
37.506943,1610175400,영종동,126.527565,인천광역시 중구 영종동,2021-08-20,2301065
37.508617,1610196900,영종동,126.52548,인천광역시 중구 영종동,2021-08-20,2301065
37.5703,1680008601,검암경서동,126.66768,인천광역시 서구 검암경서동,2021-08-20,2308051
37.491013,2420009600,상동,126.74646,경기도 부천시 상동,2021-08-20,2206064
37.468918,1650071601,간석4동,126.68792,인천광역시 남동구 간석4동,2021-08-20,2305058
37.426003,1640049100,선학동,126.69865,인천광역시 연수구 선학동,2021-08-20,2304052
37.460144,1630009600,용현2동,126.64058,인천광역시 미추홀구 용현2동,2021-08-20,2309056
37.448612,1630024500,용현1·4동,126.660805,인천광역시 미추홀구 용현1·4동,2021-08-20,2309076
37.44298,1630019700,주안7동,126.67874,인천광역시 미추홀구 주안7동,2021-08-20,2309071
37.431633,1640050201,선학동,126.69843,인천광역시 연수구 선학동,2021-08-20,2304052
37.42227,1650044600,남촌도림동,126.71494,인천광역시 남동구 남촌도림동,2021-08-20,2305067
37.42227,1650044600,남촌도림동,126.71511,인천광역시 남동구 남촌도림동,2021-08-20,2305067
37.407032,2240907201,신현동,126.77509,경기도 시흥시 신현동,2021-08-20,3115053
37.406715,1640012400,동춘3동,126.674484,인천광역시 연수구 동춘3동,2021-08-20,2304059
37.40177,1650028602,논현고잔동,126.68256,인천광역시 남동구 논현고잔동,2021-08-20,2305074
37.43844,1630013002,문학동,126.68562,인천광역시 미추홀구 문학동,2021-08-20,2309074
37.441383,1630016500,학익2동,126.66801,인천광역시 미추홀구 학익2동,2021-08-20,2309061
37.389534,2240905501,월곶동,126.74769,경기도 시흥시 월곶동,2021-08-20,3115069
37.389534,2240905501,월곶동,126.74769,경기도 시흥시 월곶동,2021-08-20,3115069
37.42337,1640324901,연수3동,126.68867,인천광역시 연수구 연수3동,2021-08-20,2304055
37.458588,1650008402,만수5동,126.727875,인천광역시 남동구 만수5동,2021-08-20,2305063
37.438923,1630013700,관교동,126.69759,인천광역시 미추홀구 관교동,2021-08-19,2309073
37.420937,1640035900,연수3동,126.69681,인천광역시 연수구 연수3동,2021-08-19,2304055
37.416584,1650039102,남촌도림동,126.70546,인천광역시 남동구 남촌도림동,2021-08-19,2305067
37.438953,1630013902,관교동,126.69468,인천광역시 미추홀구 관교동,2021-08-19,2309073
37.46528,1630043600,주안5동,126.6899,인천광역시 미추홀구 주안5동,2021-08-19,2309069
37.472107,1660004700,십정1동,126.690994,인천광역시 부평구 십정1동,2021-08-19,2306070
37.461143,1630038900,숭의2동,126.647675,인천광역시 미추홀구 숭의2동,2021-08-19,2309052
37.441822,1630011701,학익1동,126.649635,인천광역시 미추홀구 학익1동,2021-08-19,2309060
37.426346,1640049401,옥련2동,126.64897,인천광역시 연수구 옥련2동,2021-08-19,2304060
37.439964,1630053103,학익1동,126.661514,인천광역시 미추홀구 학익1동,2021-08-19,2309060
37.423862,1640043800,청학동,126.66891,인천광역시 연수구 청학동,2021-08-19,2304056
37.420437,1640033703,청학동,126.671234,인천광역시 연수구 청학동,2021-08-19,2304056
37.42399,1640043900,청학동,126.66872,인천광역시 연수구 청학동,2021-08-19,2304056
37.474743,1660000301,십정1동,126.689674,인천광역시 부평구 십정1동,2021-08-19,2306070
37.38733,1640128400,송도1동,126.64719,인천광역시 연수구 송도1동,2021-08-19,2304064
37.375202,1640105600,송도1동,126.639366,인천광역시 연수구 송도1동,2021-08-19,2304064
37.420765,1640034000,선학동,126.69683,인천광역시 연수구 선학동,2021-08-19,2304052
37.419567,1640025800,선학동,126.69564,인천광역시 연수구 선학동,2021-08-19,2304052
37.452374,1650057302,구월1동,126.70812,인천광역시 남동구 구월1동,2021-08-19,2305051
37.420372,1640030000,연수3동,126.68955,인천광역시 연수구 연수3동,2021-08-19,2304055
37.409733,1640014600,연수2동,126.682884,인천광역시 연수구 연수2동,2021-08-18,2304054
37.418278,1640021900,연수1동,126.6785,인천광역시 연수구 연수1동,2021-08-18,2304053
37.39826,1650027100,논현고잔동,126.68971,인천광역시 남동구 논현고잔동,2021-08-18,2305074
37.40853,1640014500,동춘3동,126.681816,인천광역시 연수구 동춘3동,2021-08-18,2304059
37.554817,1680007602,연희동,126.67742,인천광역시 서구 연희동,2021-08-18,1113076
37.54211,1680017500,연희동,126.67728,인천광역시 서구 연희동,2021-08-18,1113076
37.5421,1680017500,연희동,126.6774,인천광역시 서구 연희동,2021-08-18,1113076
37.5459,1680006700,연희동,126.67691,인천광역시 서구 연희동,2021-08-18,1113076
37.54043,1680134700,연희동,126.665184,인천광역시 서구 연희동,2021-08-18,1113076
37.525047,1670000500,효성2동,126.69484,인천광역시 계양구 효성2동,2021-08-18,2307052
37.521015,1660047200,청천2동,126.70472,인천광역시 부평구 청천2동,2021-08-18,2306062
37.488987,1660013300,산곡3동,126.70643,인천광역시 부평구 산곡3동,2021-08-18,2306059
37.488987,1660013300,산곡3동,126.70643,인천광역시 부평구 산곡3동,2021-08-18,2306059
37.481174,1663010900,부평3동,126.70961,인천광역시 부평구 부평3동,2021-08-18,2306053
37.489586,1660014503,산곡3동,126.706635,인천광역시 부평구 산곡3동,2021-08-18,2306059
37.490173,1660014502,산곡3동,126.708206,인천광역시 부평구 산곡3동,2021-08-18,2306059
37.48925,1663183800,부개2동,126.73548,인천광역시 부평구 부개2동,2021-08-18,2306067
37.488865,1663187701,부개2동,126.73983,인천광역시 부평구 부개2동,2021-08-18,2306067
37.488773,1660014100,부개2동,126.74187,인천광역시 부평구 부개2동,2021-08-18,2306067
37.488876,2420006000,상동,126.744446,경기도 부천시 상동,2021-08-18,2206064
37.488945,2420076200,심곡동,126.774185,경기도 부천시 심곡동,2021-08-18,3105087
37.489246,2420069200,중동,126.77166,경기도 부천시 중동,2021-08-18,2206063
37.489212,2420069400,중동,126.771706,경기도 부천시 중동,2021-08-18,2206063
37.48919,2420069400,중동,126.771675,경기도 부천시 중동,2021-08-18,2206063
37.48685,2420052900,중동,126.764854,경기도 부천시 중동,2021-08-18,2206063
37.486504,2420052900,대산동,126.76474,경기도 부천시 대산동,2021-08-18,3105092
37.432835,1650004100,서창2동,126.737495,인천광역시 남동구 서창2동,2021-08-18,2305076
37.432854,1650004100,서창2동,126.73682,인천광역시 남동구 서창2동,2021-08-18,2305076
37.432877,1650005400,서창2동,126.7362,인천광역시 남동구 서창2동,2021-08-18,2305076
37.58539,1680056902,원당동,126.696724,인천광역시 서구 원당동,2021-08-18,2308087
37.58988,1680056902,원당동,126.697975,인천광역시 서구 원당동,2021-08-18,2308087
37.42385,1640324601,연수1동,126.68717,인천광역시 연수구 연수1동,2021-08-18,2304053
37.42229,1650044600,남촌도림동,126.71294,인천광역시 남동구 남촌도림동,2021-08-18,2305067
37.422115,1650044500,남촌도림동,126.714806,인천광역시 남동구 남촌도림동,2021-08-18,2305067
37.45869,1650065202,간석2동,126.708565,인천광역시 남동구 간석2동,2021-08-18,2305056
37.452076,1630027300,주안2동,126.6798,인천광역시 미추홀구 주안2동,2021-08-18,2309066
37.460415,1630036400,주안1동,126.680214,인천광역시 미추홀구 주안1동,2021-08-18,2309065
37.525375,1140000102,신월3동,126.833496,서울특별시 양천구 신월3동,2021-08-18,1115059
37.52851,1150024100,화곡2동,126.85333,서울특별시 강서구 화곡2동,2021-08-18,1116057
37.5686,1670032013,계양1동,126.74096,인천광역시 계양구 계양1동,2021-08-18,2307063
37.59249,1680272700,아라동,126.72485,인천광역시 서구 아라동,2021-08-18,2308088
37.41251,1650030901,논현1동,126.738625,인천광역시 남동구 논현1동,2021-08-18,1123052
37.423088,1650042900,남촌도림동,126.736855,인천광역시 남동구 남촌도림동,2021-08-18,2305067
37.443073,1650049100,남촌도림동,126.73201,인천광역시 남동구 남촌도림동,2021-08-18,2305067
37.593845,1680082000,당하동,126.672646,인천광역시 서구 당하동,2021-08-18,2308085
37.448112,1650054801,만수1동,126.738205,인천광역시 남동구 만수1동,2021-08-18,2305059
37.576626,1000013401,종로1·2·3·4가동,126.995415,서울특별시 종로구 종로1·2·3·4가동,2021-08-18,1101061
37.445866,1650011703,구월3동,126.70062,인천광역시 남동구 구월3동,2021-08-18,2305053
37.59427,1680063008,당하동,126.66727,인천광역시 서구 당하동,2021-08-18,2308085
37.594135,1680063008,당하동,126.668655,인천광역시 서구 당하동,2021-08-18,2308085
37.592278,1680071201,당하동,126.67226,인천광역시 서구 당하동,2021-08-18,2308085
37.594276,1680058803,당하동,126.68306,인천광역시 서구 당하동,2021-08-18,2308085
37.59454,1680058803,원당동,126.68827,인천광역시 서구 원당동,2021-08-18,2308087
37.59392,1680058903,원당동,126.69443,인천광역시 서구 원당동,2021-08-18,2308087
37.594463,1680079400,원당동,126.69479,인천광역시 서구 원당동,2021-08-18,2308087
37.525524,1140000103,신월3동,126.83425,서울특별시 양천구 신월3동,2021-08-18,1115059
37.5274,1150023000,화곡1동,126.844955,서울특별시 강서구 화곡1동,2021-08-18,1116073
37.52755,1150023000,화곡1동,126.84593,서울특별시 강서구 화곡1동,2021-08-18,1116073
37.527683,1150023000,화곡1동,126.846756,서울특별시 강서구 화곡1동,2021-08-18,1116073
37.53169,1140068100,목5동,126.88444,서울특별시 양천구 목5동,2021-08-18,1115071
37.53112,1140067200,목5동,126.88708,서울특별시 양천구 목5동,2021-08-18,1115071
37.530945,1140066500,목5동,126.88803,서울특별시 양천구 목5동,2021-08-18,1115071
37.592342,1680020700,당하동,126.673225,인천광역시 서구 당하동,2021-08-18,2308085
37.565586,1130022101,성산1동,126.91263,서울특별시 마포구 성산1동,2021-08-18,1114072
37.45142,1650331600,구월1동,126.71089,인천광역시 남동구 구월1동,2021-08-18,2305051
37.561085,1120004502,신촌동,126.93287,서울특별시 서대문구 신촌동,2021-08-18,1113075
37.59403,1680058903,원당동,126.69308,인천광역시 서구 원당동,2021-08-18,2308087
37.562218,1130060500,망원2동,126.9014,서울특별시 마포구 망원2동,2021-08-18,1114070
37.562218,1130060500,망원2동,126.9014,서울특별시 마포구 망원2동,2021-08-18,1114070
37.562176,1130060500,망원2동,126.90125,서울특별시 마포구 망원2동,2021-08-18,1114070
37.590824,1680349200,원당동,126.69833,인천광역시 서구 원당동,2021-08-18,2308087
37.593655,1680058903,원당동,126.69791,인천광역시 서구 원당동,2021-08-18,2308087
37.52918,1140026201,신정4동,126.85924,서울특별시 양천구 신정4동,2021-08-18,1115072
37.588474,1680056602,당하동,126.685165,인천광역시 서구 당하동,2021-08-18,2308085
37.58849,1680056602,당하동,126.68399,인천광역시 서구 당하동,2021-08-18,2308085
37.52285,2420269300,성곡동,126.81774,경기도 부천시 성곡동,2021-08-18,3105095
37.58796,1680056602,당하동,126.681984,인천광역시 서구 당하동,2021-08-18,2308085
37.58796,1680056602,당하동,126.681984,인천광역시 서구 당하동,2021-08-18,2308085
37.587597,1680056602,당하동,126.68095,인천광역시 서구 당하동,2021-08-18,2308085
37.56754,1680008304,검암경서동,126.676384,인천광역시 서구 검암경서동,2021-08-18,2308051
37.568333,1680078200,검암경서동,126.67352,인천광역시 서구 검암경서동,2021-08-18,2308051
37.56829,1680078200,검암경서동,126.67158,인천광역시 서구 검암경서동,2021-08-18,2308051
37.420486,1650041602,남촌도림동,126.70619,인천광역시 남동구 남촌도림동,2021-08-18,2305067
37.43982,2240024100,과림동,126.82321,경기도 시흥시 과림동,2021-08-18,3115059
37.4403,2240024100,과림동,126.832794,경기도 시흥시 과림동,2021-08-18,3115059
37.52361,1663132600,청천1동,126.7,인천광역시 부평구 청천1동,2021-08-18,2306061
37.522934,1680496000,가정3동,126.68433,인천광역시 서구 가정3동,2021-08-18,2308056
37.42756,2130001100,소하2동,126.88153,경기도 광명시 소하2동,2021-08-18,3106067
37.427364,2130001100,소하2동,126.88199,경기도 광명시 소하2동,2021-08-18,3106067
37.521248,1680004500,가정3동,126.68069,인천광역시 서구 가정3동,2021-08-18,2308056
37.521038,1680004500,가정3동,126.6804,인천광역시 서구 가정3동,2021-08-18,2308056
37.42579,2130001100,소하2동,126.88608,경기도 광명시 소하2동,2021-08-18,3106067
37.425335,2130001100,소하2동,126.88746,경기도 광명시 소하2동,2021-08-18,3106067
37.502476,1680003000,석남3동,126.67606,인천광역시 서구 석남3동,2021-08-18,2308060
37.467155,1630171301,주안5동,126.67392,인천광역시 미추홀구 주안5동,2021-08-18,2309069
37.423695,2050212500,성남동,127.12865,경기도 성남시 중원구 성남동,2021-08-18,2501079
37.42382,2050212500,성남동,127.128654,경기도 성남시 중원구 성남동,2021-08-18,2501079
37.579033,1000036600,이화동,126.99965,서울특별시 종로구 이화동,2021-08-17,1101064
37.42957,2050015003,성남동,127.12247,경기도 성남시 중원구 성남동,2021-08-17,2501079
37.43935,2040413900,수진2동,127.120445,경기도 성남시 수정구 수진2동,2021-08-17,3102159
37.462788,1650069300,간석2동,126.71339,인천광역시 남동구 간석2동,2021-08-17,2305056
37.562378,1120005003,신촌동,126.94299,서울특별시 서대문구 신촌동,2021-08-17,1113075
37.46451,2040041400,복정동,127.13011,경기도 성남시 수정구 복정동,2021-08-17,3102167
37.466137,2040417700,위례동,127.13425,경기도 성남시 수정구 위례동,2021-08-17,1124082
37.54728,1130044500,서강동,126.93142,서울특별시 마포구 서강동,2021-08-17,1114076
37.465233,1630046800,주안5동,126.68985,인천광역시 미추홀구 주안5동,2021-08-17,2309069
37.528507,1140026201,신정4동,126.85422,서울특별시 양천구 신정4동,2021-08-17,1115072
37.455555,1630172801,주안4동,126.67998,인천광역시 미추홀구 주안4동,2021-08-17,2309068
37.4472,1630021900,주안7동,126.67922,인천광역시 미추홀구 주안7동,2021-08-17,2309071
37.444057,1630019700,주안7동,126.67886,인천광역시 미추홀구 주안7동,2021-08-17,2309071
37.441647,1630017700,문학동,126.678505,인천광역시 미추홀구 문학동,2021-08-17,2309074
37.526653,1670002200,작전서운동,126.7523,인천광역시 계양구 작전서운동,2021-08-17,2307058
37.42699,1640051200,청학동,126.66139,인천광역시 연수구 청학동,2021-08-17,2304056
37.42582,1640048700,옥련1동,126.653015,인천광역시 연수구 옥련1동,2021-08-17,2304051
37.492386,2420008000,상동,126.746284,경기도 부천시 상동,2021-08-17,2206064
37.46941,1660000500,일신동,126.75488,인천광역시 부평구 일신동,2021-08-17,2306069
37.467987,1663184600,일신동,126.75487,인천광역시 부평구 일신동,2021-08-17,2306069
37.46772,1663184600,일신동,126.754906,인천광역시 부평구 일신동,2021-08-17,2306069
37.460224,1650065500,장수서창동,126.74951,인천광역시 남동구 장수서창동,2021-08-17,2305075
37.433434,1640320300,선학동,126.69962,인천광역시 연수구 선학동,2021-08-17,2304052
37.433434,1640320300,선학동,126.69962,인천광역시 연수구 선학동,2021-08-17,2304052
37.42073,1640033603,청학동,126.67003,인천광역시 연수구 청학동,2021-08-17,2304056
37.420296,1640032100,연수1동,126.676956,인천광역시 연수구 연수1동,2021-08-17,2304053
37.431797,1640325401,선학동,126.70348,인천광역시 연수구 선학동,2021-08-17,2304052
37.438866,1650278900,구월1동,126.70761,인천광역시 남동구 구월1동,2021-08-17,2305051
37.45269,1610022200,연안동,126.59958,인천광역시 중구 연안동,2021-08-17,2301052
37.448807,1610020402,연안동,126.60206,인천광역시 중구 연안동,2021-08-17,2301052
37.44888,1610020402,연안동,126.602104,인천광역시 중구 연안동,2021-08-17,2301052
37.449856,1630024200,용현5동,126.63347,인천광역시 미추홀구 용현5동,2021-08-17,2309059
37.472347,1660008500,십정1동,126.6895,인천광역시 부평구 십정1동,2021-08-17,2306070
37.451305,1610023102,용현5동,126.631035,인천광역시 미추홀구 용현5동,2021-08-17,2309059
37.455338,1610024200,연안동,126.60993,인천광역시 중구 연안동,2021-08-17,2301052
37.45624,1610023700,연안동,126.60696,인천광역시 중구 연안동,2021-08-17,2301052
37.452526,1610022200,연안동,126.60223,인천광역시 중구 연안동,2021-08-17,2301052
37.452255,1610022200,연안동,126.60309,인천광역시 중구 연안동,2021-08-17,2301052
37.458157,1610025602,신흥동,126.631226,인천광역시 중구 신흥동,2021-08-17,2301054
37.4613,1630009600,숭의1·3동,126.64007,인천광역시 미추홀구 숭의1·3동,2021-08-17,2309075
37.461437,1630009600,숭의1·3동,126.64016,인천광역시 미추홀구 숭의1·3동,2021-08-17,2309075
37.461384,1630038800,숭의2동,126.64468,인천광역시 미추홀구 숭의2동,2021-08-17,2309052
37.43363,1640050302,선학동,126.69811,인천광역시 연수구 선학동,2021-08-17,2304052
37.451923,1650057801,구월3동,126.70458,인천광역시 남동구 구월3동,2021-08-17,2305053
37.451923,1650057801,구월3동,126.70458,인천광역시 남동구 구월3동,2021-08-17,2305053
37.42694,1640271500,옥련1동,126.65711,인천광역시 연수구 옥련1동,2021-08-17,2304051
37.562336,1680007603,검암경서동,126.677704,인천광역시 서구 검암경서동,2021-08-17,2308051
37.429985,1640272800,청학동,126.6608,인천광역시 연수구 청학동,2021-08-17,2304056
37.430893,1640053300,옥련2동,126.6462,인천광역시 연수구 옥련2동,2021-08-17,2304060
37.42751,1640051502,옥련2동,126.65945,인천광역시 연수구 옥련2동,2021-08-17,2304060
37.42475,1640044702,연수1동,126.676834,인천광역시 연수구 연수1동,2021-08-17,2304053
37.42384,1640324601,연수1동,126.68721,인천광역시 연수구 연수1동,2021-08-17,2304053
37.427097,1640054000,옥련2동,126.636246,인천광역시 연수구 옥련2동,2021-08-17,2304060
37.399902,1640243200,송도1동,126.65618,인천광역시 연수구 송도1동,2021-08-17,2304064
37.41692,1640020501,연수2동,126.679115,인천광역시 연수구 연수2동,2021-08-17,2304054
37.41975,1640030600,연수1동,126.67983,인천광역시 연수구 연수1동,2021-08-17,2304053
37.420135,1640032900,연수1동,126.68017,인천광역시 연수구 연수1동,2021-08-17,2304053
37.50356,1680034200,석남2동,126.66229,인천광역시 서구 석남2동,2021-08-17,2308059
37.508568,1610196900,영종동,126.52555,인천광역시 중구 영종동,2021-08-17,2301065
37.427177,1640050204,선학동,126.69888,인천광역시 연수구 선학동,2021-08-17,2304052
37.55711,1680019702,청라3동,126.62887,인천광역시 서구 청라3동,2021-08-17,2308079
37.419758,1640025800,선학동,126.69586,인천광역시 연수구 선학동,2021-08-17,2304052
37.476723,1620021701,송림4동,126.67115,인천광역시 동구 송림4동,2021-08-17,2302061
37.392136,1640147200,송도1동,126.657295,인천광역시 연수구 송도1동,2021-08-17,2304064
37.41832,1640024300,청학동,126.66673,인천광역시 연수구 청학동,2021-08-17,2304056
37.496387,1680029204,가좌3동,126.67897,인천광역시 서구 가좌3동,2021-08-17,2308064
37.424713,1640044702,연수1동,126.67699,인천광역시 연수구 연수1동,2021-08-17,2304053
37.42608,1640049100,선학동,126.698616,인천광역시 연수구 선학동,2021-08-17,2304052
37.45239,1650057401,구월1동,126.70802,인천광역시 남동구 구월1동,2021-08-17,2305051
37.42496,1640072100,연수1동,126.67871,인천광역시 연수구 연수1동,2021-08-17,2304053
37.45403,1650007600,만수1동,126.73451,인천광역시 남동구 만수1동,2021-08-17,2305059
37.409897,1640015800,연수2동,126.68515,인천광역시 연수구 연수2동,2021-08-17,2304054
37.458645,1650008402,만수5동,126.727776,인천광역시 남동구 만수5동,2021-08-17,2305063
37.421047,1640035900,연수3동,126.696884,인천광역시 연수구 연수3동,2021-08-17,2304055
37.417233,1640019200,연수2동,126.693214,인천광역시 연수구 연수2동,2021-08-17,2304054
37.382446,1640309700,송도3동,126.66292,인천광역시 연수구 송도3동,2021-08-17,2304065
37.4114,1650036000,논현2동,126.69656,인천광역시 남동구 논현2동,2021-08-17,1123053
37.50565,2420020100,상동,126.75237,경기도 부천시 상동,2021-08-17,2206064
37.528667,1670002300,작전서운동,126.75294,인천광역시 계양구 작전서운동,2021-08-17,2307058
37.52867,1670002300,작전서운동,126.75344,인천광역시 계양구 작전서운동,2021-08-17,2307058
37.523766,1660003702,삼산1동,126.748344,인천광역시 부평구 삼산1동,2021-08-17,2306065
37.509212,1210061200,반포1동,127.015366,서울특별시 서초구 반포1동,2021-08-17,1122057
37.525997,1680233800,청라1동,126.6523,인천광역시 서구 청라1동,2021-08-16,2308074
37.43358,1640001500,옥련2동,126.647095,인천광역시 연수구 옥련2동,2021-08-16,2304060
37.42324,1640041900,선학동,126.69436,인천광역시 연수구 선학동,2021-08-16,2304052
37.415913,1640019100,연수2동,126.69187,인천광역시 연수구 연수2동,2021-08-16,2304054
37.396435,1650027000,논현고잔동,126.67367,인천광역시 남동구 논현고잔동,2021-08-16,2305074
37.391026,1650024600,논현고잔동,126.682976,인천광역시 남동구 논현고잔동,2021-08-16,2305074
37.392513,1650025401,논현고잔동,126.6798,인천광역시 남동구 논현고잔동,2021-08-16,2305074
37.393097,1650025401,논현고잔동,126.67858,인천광역시 남동구 논현고잔동,2021-08-16,2305074
37.426018,1650045604,남촌도림동,126.717575,인천광역시 남동구 남촌도림동,2021-08-16,2305067
37.429615,1650045603,남촌도림동,126.71822,인천광역시 남동구 남촌도림동,2021-08-16,2305067
37.44278,1650280900,구월1동,126.711655,인천광역시 남동구 구월1동,2021-08-16,2305051
37.555805,1680007602,연희동,126.677505,인천광역시 서구 연희동,2021-08-16,1113076
37.478214,1680498301,가좌3동,126.674805,인천광역시 서구 가좌3동,2021-08-16,2308064
37.538406,1680084302,청라2동,126.64062,인천광역시 서구 청라2동,2021-08-16,2308078
37.43706,1650047600,구월1동,126.70675,인천광역시 남동구 구월1동,2021-08-15,2305051
37.535606,1680097800,청라1동,126.6533,인천광역시 서구 청라1동,2021-08-15,2308074
37.481094,1680021600,가좌4동,126.686485,인천광역시 서구 가좌4동,2021-08-15,2308065
37.472538,1660000202,십정1동,126.69276,인천광역시 부평구 십정1동,2021-08-15,2306070
37.472538,1660000202,십정1동,126.69276,인천광역시 부평구 십정1동,2021-08-15,2306070
37.48967,1680002900,가좌1동,126.675125,인천광역시 서구 가좌1동,2021-08-15,2308062
37.45228,1650018601,만수1동,126.73585,인천광역시 남동구 만수1동,2021-08-15,2305059
37.599136,1680060301,오류왕길동,126.648026,인천광역시 서구 오류왕길동,2021-08-15,2308084
37.43602,1650266203,장수서창동,126.760796,인천광역시 남동구 장수서창동,2021-08-15,2305075
37.44336,2240027201,신천동,126.775444,경기도 시흥시 신천동,2021-08-15,3115052
37.439217,1650260900,남촌도림동,126.72423,인천광역시 남동구 남촌도림동,2021-08-15,2305067
37.44014,1630014302,관교동,126.699875,인천광역시 미추홀구 관교동,2021-08-15,2309073
37.591957,1680063002,오류왕길동,126.65569,인천광역시 서구 오류왕길동,2021-08-15,2308084
37.419735,1640030400,연수1동,126.67784,인천광역시 연수구 연수1동,2021-08-15,2304053
37.440174,1630014302,관교동,126.69989,인천광역시 미추홀구 관교동,2021-08-15,2309073
37.44022,1630014302,관교동,126.69993,인천광역시 미추홀구 관교동,2021-08-15,2309073
37.424377,1640034000,선학동,126.698586,인천광역시 연수구 선학동,2021-08-14,2304052
37.4413,1630053300,관교동,126.695465,인천광역시 미추홀구 관교동,2021-08-14,2309073
37.44075,1630014601,관교동,126.69833,인천광역시 미추홀구 관교동,2021-08-14,2309073
37.42288,1640040400,연수3동,126.691124,인천광역시 연수구 연수3동,2021-08-14,2304055
37.46677,2040004006,복정동,127.12655,경기도 성남시 수정구 복정동,2021-08-14,3102167
37.444378,2040002801,태평1동,127.12707,경기도 성남시 수정구 태평1동,2021-08-14,2502063
37.407852,1640013902,동춘2동,126.672516,인천광역시 연수구 동춘2동,2021-08-14,2304058
37.4215,2050008804,도촌동,127.12545,경기도 성남시 중원구 도촌동,2021-08-14,3102261
37.398575,2260113200,청계동,127.01779,경기도 의왕시 청계동,2021-08-14,3117056
37.438965,2240021800,은행동,126.82035,경기도 시흥시 은행동,2021-08-14,3115054
37.43415,2240017100,은행동,126.81098,경기도 시흥시 은행동,2021-08-14,3115054
37.40017,1640009600,동춘2동,126.67497,인천광역시 연수구 동춘2동,2021-08-14,2304058
37.4276,1650094400,남촌도림동,126.71013,인천광역시 남동구 남촌도림동,2021-08-14,2305067
37.40787,1640013902,동춘2동,126.67246,인천광역시 연수구 동춘2동,2021-08-14,2304058
37.45551,1650059600,구월2동,126.71924,인천광역시 남동구 구월2동,2021-08-14,2305052
37.43354,1640001600,옥련2동,126.64706,인천광역시 연수구 옥련2동,2021-08-14,2304060
37.452595,1630001500,용현5동,126.632195,인천광역시 미추홀구 용현5동,2021-08-14,2309059
37.41077,1640015800,연수2동,126.68611,인천광역시 연수구 연수2동,2021-08-14,2304054
37.420372,1640033900,연수3동,126.69623,인천광역시 연수구 연수3동,2021-08-14,2304055
37.42229,1650044600,남촌도림동,126.71307,인천광역시 남동구 남촌도림동,2021-08-14,2305067
37.42073,1650115402,논현1동,126.74107,인천광역시 남동구 논현1동,2021-08-14,1123052
37.403408,2240014805,연성동,126.79057,경기도 시흥시 연성동,2021-08-14,3115070
37.381874,1650094600,논현고잔동,126.71615,인천광역시 남동구 논현고잔동,2021-08-14,2305074
37.490997,2420009600,상동,126.74647,경기도 부천시 상동,2021-08-14,2206064
37.470066,1660000500,일신동,126.754944,인천광역시 부평구 일신동,2021-08-14,2306069
37.40379,1640110200,송도2동,126.64104,인천광역시 연수구 송도2동,2021-08-14,2304066
37.420883,2130001000,소하2동,126.893486,경기도 광명시 소하2동,2021-08-14,3106067
37.396347,1650026402,논현고잔동,126.69392,인천광역시 남동구 논현고잔동,2021-08-14,2305074
37.48839,1660013200,산곡3동,126.706566,인천광역시 부평구 산곡3동,2021-08-13,2306059
37.532745,1670015400,작전2동,126.72246,인천광역시 계양구 작전2동,2021-08-13,2307057
37.476124,1680493200,가좌3동,126.67448,인천광역시 서구 가좌3동,2021-08-13,2308064
37.404007,1640012100,동춘3동,126.67953,인천광역시 연수구 동춘3동,2021-08-13,2304059
37.421936,1640038200,연수1동,126.68198,인천광역시 연수구 연수1동,2021-08-13,2304053
37.59379,1680082000,당하동,126.67238,인천광역시 서구 당하동,2021-08-13,2308085
37.62665,2320101600,양촌읍,126.63032,경기도 김포시 양촌읍,2021-08-13,3123013
37.62829,2320008300,양촌읍,126.629196,경기도 김포시 양촌읍,2021-08-13,3123013
37.38444,1650218400,논현고잔동,126.69997,인천광역시 남동구 논현고잔동,2021-08-13,2305074
37.410084,1640015200,동춘1동,126.671776,인천광역시 연수구 동춘1동,2021-08-13,2304057
37.593777,1680082000,당하동,126.67241,인천광역시 서구 당하동,2021-08-13,2308085
37.566177,1680019305,검암경서동,126.679245,인천광역시 서구 검암경서동,2021-08-13,2308051
37.401184,2040410100,시흥동,127.084015,경기도 성남시 수정구 시흥동,2021-08-12,3102166
37.474754,1650010800,간석3동,126.709305,인천광역시 남동구 간석3동,2021-08-12,2305057
37.47832,1680011900,가좌3동,126.682045,인천광역시 서구 가좌3동,2021-08-12,2308064
37.484486,1663012100,부평2동,126.71631,인천광역시 부평구 부평2동,2021-08-12,2306052
37.41083,1640014900,동춘1동,126.66817,인천광역시 연수구 동춘1동,2021-08-12,2304057
37.417534,1640021900,연수2동,126.67786,인천광역시 연수구 연수2동,2021-08-12,2304054
37.393055,1650025800,논현고잔동,126.701065,인천광역시 남동구 논현고잔동,2021-08-12,2305074
37.388866,1650000800,논현고잔동,126.71186,인천광역시 남동구 논현고잔동,2021-08-12,2305074
37.407814,1640240600,송도2동,126.64725,인천광역시 연수구 송도2동,2021-08-12,2304066
37.39752,1640141100,송도1동,126.65219,인천광역시 연수구 송도1동,2021-08-12,2304064
37.403748,1640243400,동춘1동,126.65714,인천광역시 연수구 동춘1동,2021-08-12,2304057
37.51364,1680142800,청라3동,126.62603,인천광역시 서구 청라3동,2021-08-12,2308079
37.47436,1660000401,십정1동,126.68939,인천광역시 부평구 십정1동,2021-08-12,2306070
37.742275,1690005006,강화읍,126.49279,인천광역시 강화군 강화읍,2021-08-12,2331011
37.567417,1680008403,검암경서동,126.676796,인천광역시 서구 검암경서동,2021-08-12,2308051
37.48145,1680000404,가좌4동,126.680626,인천광역시 서구 가좌4동,2021-08-12,2308065
37.399384,1640009100,동춘2동,126.669044,인천광역시 연수구 동춘2동,2021-08-11,2304058
37.414715,1650037600,남촌도림동,126.72545,인천광역시 남동구 남촌도림동,2021-08-11,2305067
37.418095,1640021900,연수2동,126.67838,인천광역시 연수구 연수2동,2021-08-11,2304054
37.409363,1640065500,동춘1동,126.64859,인천광역시 연수구 동춘1동,2021-08-11,2304057
37.393826,1640248700,동춘2동,126.66537,인천광역시 연수구 동춘2동,2021-08-11,2304058
37.4357,2130001500,학온동,126.86175,경기도 광명시 학온동,2021-08-11,3106068
37.447674,1650051700,구월3동,126.699356,인천광역시 남동구 구월3동,2021-08-11,2305053
37.431393,2240899000,신천동,126.773315,경기도 시흥시 신천동,2021-08-11,3115052
37.39972,1640009600,동춘2동,126.67449,인천광역시 연수구 동춘2동,2021-08-11,2304058
37.458523,1630036100,주안2동,126.67897,인천광역시 미추홀구 주안2동,2021-08-11,2309066
37.420334,1650041602,남촌도림동,126.70646,인천광역시 남동구 남촌도림동,2021-08-11,2305067
37.472263,1610028400,동인천동,126.635765,인천광역시 중구 동인천동,2021-08-11,2301058
37.459873,1630033400,숭의2동,126.64838,인천광역시 미추홀구 숭의2동,2021-08-11,2309052
37.421093,1640035900,연수3동,126.69685,인천광역시 연수구 연수3동,2021-08-11,2304055
37.478928,1650010901,부평3동,126.710495,인천광역시 부평구 부평3동,2021-08-11,2306053
37.486385,1660012900,부평3동,126.70778,인천광역시 부평구 부평3동,2021-08-11,2306053
37.43637,1630166900,학익1동,126.64872,인천광역시 미추홀구 학익1동,2021-08-11,2309060
